<DATE>	<TIME>	<OPEN>	<HIGH>	<LOW>	<CLOSE>	<TICKVOL>	<VOL>	<SPREAD>
2021.11.01	00:00:00	1.15563	1.15634	1.15562	1.15615	89	0	13
2021.11.01	00:30:00	1.15613	1.15637	1.15611	1.15632	102	0	0
2021.11.01	01:00:00	1.15626	1.15643	1.15578	1.15603	347	0	0
2021.11.01	01:30:00	1.15603	1.15615	1.15583	1.15606	198	0	0
2021.11.01	02:00:00	1.15611	1.15629	1.15586	1.15612	199	0	0
2021.11.01	02:30:00	1.15613	1.15614	1.15554	1.15562	221	0	0
2021.11.01	03:00:00	1.15568	1.15604	1.15531	1.15584	396	0	0
2021.11.01	03:30:00	1.15587	1.15589	1.15514	1.15550	458	0	0
2021.11.01	04:00:00	1.15551	1.15605	1.15538	1.15585	439	0	0
2021.11.01	04:30:00	1.15585	1.15593	1.15542	1.15565	403	0	0
2021.11.01	05:00:00	1.15564	1.15574	1.15546	1.15566	315	0	0
2021.11.01	05:30:00	1.15566	1.15586	1.15529	1.15544	283	0	0
2021.11.01	06:00:00	1.15544	1.15581	1.15530	1.15532	274	0	0
2021.11.01	06:30:00	1.15533	1.15545	1.15502	1.15504	271	0	0
2021.11.01	07:00:00	1.15504	1.15504	1.15475	1.15481	243	0	0
2021.11.01	07:30:00	1.15481	1.15518	1.15460	1.15514	301	0	0
2021.11.01	08:00:00	1.15515	1.15595	1.15504	1.15577	308	0	0
2021.11.01	08:30:00	1.15577	1.15638	1.15577	1.15633	384	0	0
2021.11.01	09:00:00	1.15634	1.15634	1.15540	1.15554	457	0	0
2021.11.01	09:30:00	1.15554	1.15610	1.15540	1.15547	726	0	0
2021.11.01	10:00:00	1.15548	1.15591	1.15507	1.15571	720	0	0
2021.11.01	10:30:00	1.15571	1.15643	1.15472	1.15637	712	0	0
2021.11.01	11:00:00	1.15636	1.15718	1.15597	1.15695	885	0	0
2021.11.01	11:30:00	1.15698	1.15752	1.15669	1.15721	729	0	0
2021.11.01	12:00:00	1.15719	1.15731	1.15670	1.15729	597	0	0
2021.11.01	12:30:00	1.15729	1.15739	1.15618	1.15657	695	0	0
2021.11.01	13:00:00	1.15657	1.15728	1.15646	1.15703	588	0	0
2021.11.01	13:30:00	1.15703	1.15721	1.15659	1.15713	581	0	0
2021.11.01	14:00:00	1.15713	1.15725	1.15666	1.15679	450	0	0
2021.11.01	14:30:00	1.15679	1.15770	1.15679	1.15716	613	0	0
2021.11.01	15:00:00	1.15716	1.15778	1.15707	1.15744	769	0	0
2021.11.01	15:30:00	1.15749	1.15798	1.15748	1.15776	757	0	0
2021.11.01	16:00:00	1.15775	1.15803	1.15727	1.15750	710	0	0
2021.11.01	16:30:00	1.15752	1.15777	1.15692	1.15721	785	0	0
2021.11.01	17:00:00	1.15724	1.15728	1.15655	1.15696	1001	0	0
2021.11.01	17:30:00	1.15698	1.15838	1.15687	1.15838	865	0	0
2021.11.01	18:00:00	1.15837	1.15870	1.15799	1.15857	734	0	0
2021.11.01	18:30:00	1.15852	1.15938	1.15848	1.15913	788	0	0
2021.11.01	19:00:00	1.15913	1.15916	1.15857	1.15870	545	0	0
2021.11.01	19:30:00	1.15868	1.15920	1.15866	1.15916	506	0	0
2021.11.01	20:00:00	1.15916	1.15948	1.15898	1.15913	404	0	0
2021.11.01	20:30:00	1.15914	1.15948	1.15885	1.15944	365	0	0
2021.11.01	21:00:00	1.15944	1.16042	1.15943	1.16037	561	0	0
2021.11.01	21:30:00	1.16037	1.16083	1.16021	1.16060	478	0	0
2021.11.01	22:00:00	1.16059	1.16059	1.16015	1.16032	418	0	0
2021.11.01	22:30:00	1.16032	1.16067	1.16014	1.16063	395	0	0
2021.11.01	23:00:00	1.16060	1.16087	1.16043	1.16064	225	0	0
2021.11.01	23:30:00	1.16059	1.16090	1.16049	1.16062	255	0	0
2021.11.02	00:00:00	1.16062	1.16062	1.15964	1.16040	95	0	12
2021.11.02	00:30:00	1.16040	1.16058	1.16005	1.16033	638	0	1
2021.11.02	01:00:00	1.16043	1.16057	1.16010	1.16013	195	0	0
2021.11.02	01:30:00	1.16011	1.16033	1.16011	1.16017	132	0	1
2021.11.02	02:00:00	1.16018	1.16026	1.16006	1.16014	254	0	1
2021.11.02	02:30:00	1.16014	1.16014	1.15977	1.15994	161	0	0
2021.11.02	03:00:00	1.15995	1.16014	1.15968	1.15974	318	0	0
2021.11.02	03:30:00	1.15974	1.15985	1.15954	1.15970	268	0	0
2021.11.02	04:00:00	1.15970	1.15983	1.15952	1.15970	331	0	0
2021.11.02	04:30:00	1.15971	1.15981	1.15951	1.15978	289	0	0
2021.11.02	05:00:00	1.15979	1.15983	1.15960	1.15970	192	0	0
2021.11.02	05:30:00	1.15970	1.16003	1.15969	1.16002	221	0	0
2021.11.02	06:00:00	1.16002	1.16002	1.15971	1.15991	280	0	0
2021.11.02	06:30:00	1.15992	1.16016	1.15965	1.15991	563	0	0
2021.11.02	07:00:00	1.15990	1.16028	1.15987	1.16027	177	0	0
2021.11.02	07:30:00	1.16027	1.16084	1.16024	1.16040	404	0	0
2021.11.02	08:00:00	1.16040	1.16055	1.16021	1.16039	424	0	0
2021.11.02	08:30:00	1.16038	1.16073	1.16025	1.16073	454	0	0
2021.11.02	09:00:00	1.16070	1.16072	1.16002	1.16016	525	0	0
2021.11.02	09:30:00	1.16020	1.16072	1.16016	1.16041	491	0	0
2021.11.02	10:00:00	1.16045	1.16106	1.16043	1.16056	651	0	0
2021.11.02	10:30:00	1.16056	1.16132	1.16036	1.16084	619	0	0
2021.11.02	11:00:00	1.16091	1.16105	1.15952	1.16044	892	0	0
2021.11.02	11:30:00	1.16044	1.16059	1.15874	1.15883	854	0	0
2021.11.02	12:00:00	1.15884	1.15965	1.15860	1.15932	788	0	0
2021.11.02	12:30:00	1.15931	1.15993	1.15897	1.15988	807	0	0
2021.11.02	13:00:00	1.15984	1.15984	1.15911	1.15919	596	0	0
2021.11.02	13:30:00	1.15919	1.16062	1.15903	1.16059	693	0	0
2021.11.02	14:00:00	1.16059	1.16059	1.15910	1.15956	692	0	0
2021.11.02	14:30:00	1.15954	1.16056	1.15931	1.16029	647	0	0
2021.11.02	15:00:00	1.16028	1.16055	1.15985	1.16008	815	0	0
2021.11.02	15:30:00	1.16010	1.16077	1.15970	1.16068	989	0	0
2021.11.02	16:00:00	1.16069	1.16074	1.15960	1.15966	870	0	0
2021.11.02	16:30:00	1.15972	1.16002	1.15890	1.15911	906	0	0
2021.11.02	17:00:00	1.15911	1.15938	1.15822	1.15863	1007	0	0
2021.11.02	17:30:00	1.15852	1.15985	1.15832	1.15912	958	0	0
2021.11.02	18:00:00	1.15914	1.15995	1.15894	1.15955	969	0	0
2021.11.02	18:30:00	1.15960	1.15966	1.15782	1.15805	947	0	0
2021.11.02	19:00:00	1.15807	1.15845	1.15781	1.15819	822	0	0
2021.11.02	19:30:00	1.15820	1.15823	1.15753	1.15780	607	0	0
2021.11.02	20:00:00	1.15780	1.15834	1.15770	1.15818	509	0	0
2021.11.02	20:30:00	1.15819	1.15844	1.15773	1.15831	488	0	0
2021.11.02	21:00:00	1.15829	1.15835	1.15770	1.15776	413	0	0
2021.11.02	21:30:00	1.15777	1.15850	1.15771	1.15814	465	0	0
2021.11.02	22:00:00	1.15812	1.15840	1.15805	1.15817	336	0	0
2021.11.02	22:30:00	1.15817	1.15831	1.15794	1.15831	413	0	0
2021.11.02	23:00:00	1.15830	1.15830	1.15799	1.15818	230	0	0
2021.11.02	23:30:00	1.15816	1.15822	1.15785	1.15794	250	0	0
2021.11.03	00:00:00	1.15794	1.15806	1.15746	1.15766	85	0	13
2021.11.03	00:30:00	1.15768	1.15800	1.15768	1.15775	137	0	16
2021.11.03	01:00:00	1.15778	1.15819	1.15778	1.15813	210	0	1
2021.11.03	01:30:00	1.15812	1.15812	1.15780	1.15786	166	0	2
2021.11.03	02:00:00	1.15790	1.15792	1.15767	1.15767	163	0	0
2021.11.03	02:30:00	1.15767	1.15794	1.15760	1.15789	162	0	1
2021.11.03	03:00:00	1.15789	1.15790	1.15749	1.15759	171	0	0
2021.11.03	03:30:00	1.15758	1.15798	1.15749	1.15798	202	0	0
2021.11.03	04:00:00	1.15797	1.15814	1.15772	1.15790	256	0	0
2021.11.03	04:30:00	1.15790	1.15831	1.15788	1.15824	284	0	0
2021.11.03	05:00:00	1.15825	1.15825	1.15798	1.15809	260	0	0
2021.11.03	05:30:00	1.15809	1.15874	1.15798	1.15839	273	0	0
2021.11.03	06:00:00	1.15839	1.15849	1.15825	1.15833	238	0	0
2021.11.03	06:30:00	1.15833	1.15840	1.15818	1.15829	193	0	0
2021.11.03	07:00:00	1.15826	1.15829	1.15802	1.15823	180	0	0
2021.11.03	07:30:00	1.15823	1.15834	1.15810	1.15833	133	0	0
2021.11.03	08:00:00	1.15833	1.15842	1.15821	1.15838	208	0	0
2021.11.03	08:30:00	1.15838	1.15856	1.15805	1.15853	216	0	0
2021.11.03	09:00:00	1.15851	1.15857	1.15808	1.15840	276	0	0
2021.11.03	09:30:00	1.15840	1.15840	1.15812	1.15825	261	0	0
2021.11.03	10:00:00	1.15823	1.15875	1.15793	1.15854	528	0	0
2021.11.03	10:30:00	1.15853	1.15854	1.15786	1.15809	553	0	0
2021.11.03	11:00:00	1.15809	1.15891	1.15784	1.15879	751	0	0
2021.11.03	11:30:00	1.15882	1.15885	1.15823	1.15857	677	0	0
2021.11.03	12:00:00	1.15857	1.15923	1.15849	1.15910	596	0	0
2021.11.03	12:30:00	1.15911	1.15978	1.15890	1.15927	724	0	0
2021.11.03	13:00:00	1.15926	1.15927	1.15791	1.15871	815	0	0
2021.11.03	13:30:00	1.15871	1.15926	1.15849	1.15903	593	0	0
2021.11.03	14:00:00	1.15900	1.15902	1.15829	1.15889	556	0	0
2021.11.03	14:30:00	1.15889	1.15926	1.15865	1.15873	499	0	0
2021.11.03	15:00:00	1.15878	1.15891	1.15775	1.15841	898	0	0
2021.11.03	15:30:00	1.15844	1.15894	1.15811	1.15835	981	0	0
2021.11.03	16:00:00	1.15834	1.15834	1.15682	1.15717	884	0	0
2021.11.03	16:30:00	1.15718	1.15748	1.15682	1.15710	875	0	0
2021.11.03	17:00:00	1.15663	1.15734	1.15623	1.15699	1285	0	0
2021.11.03	17:30:00	1.15697	1.15798	1.15691	1.15779	960	0	0
2021.11.03	18:00:00	1.15781	1.15845	1.15736	1.15833	804	0	0
2021.11.03	18:30:00	1.15835	1.15858	1.15770	1.15846	815	0	0
2021.11.03	19:00:00	1.15843	1.15858	1.15781	1.15858	682	0	0
2021.11.03	19:30:00	1.15857	1.15857	1.15777	1.15825	560	0	0
2021.11.03	20:00:00	1.15825	1.15846	1.15790	1.15797	430	0	0
2021.11.03	20:30:00	1.15797	1.15869	1.15783	1.15834	440	0	0
2021.11.03	21:00:00	1.15831	1.16092	1.15755	1.15824	1794	0	0
2021.11.03	21:30:00	1.15823	1.16162	1.15719	1.16099	1887	0	0
2021.11.03	22:00:00	1.16099	1.16102	1.15951	1.15991	1518	0	0
2021.11.03	22:30:00	1.15987	1.16160	1.15979	1.16072	913	0	0
2021.11.03	23:00:00	1.16071	1.16151	1.16042	1.16116	443	0	0
2021.11.03	23:30:00	1.16116	1.16145	1.16093	1.16127	272	0	0
2021.11.04	00:00:00	1.16127	1.16127	1.16065	1.16116	150	0	6
2021.11.04	00:30:00	1.16116	1.16153	1.16102	1.16120	202	0	2
2021.11.04	01:00:00	1.16115	1.16159	1.16101	1.16125	230	0	2
2021.11.04	01:30:00	1.16126	1.16135	1.16099	1.16113	195	0	2
2021.11.04	02:00:00	1.16109	1.16136	1.16096	1.16110	244	0	1
2021.11.04	02:30:00	1.16111	1.16165	1.16110	1.16155	274	0	1
2021.11.04	03:00:00	1.16155	1.16162	1.16114	1.16138	352	0	0
2021.11.04	03:30:00	1.16138	1.16143	1.16114	1.16125	417	0	0
2021.11.04	04:00:00	1.16125	1.16125	1.16086	1.16105	439	0	0
2021.11.04	04:30:00	1.16105	1.16109	1.16030	1.16036	418	0	0
2021.11.04	05:00:00	1.16036	1.16044	1.16002	1.16042	316	0	0
2021.11.04	05:30:00	1.16042	1.16068	1.16031	1.16049	321	0	0
2021.11.04	06:00:00	1.16048	1.16053	1.15959	1.15962	283	0	0
2021.11.04	06:30:00	1.15962	1.15962	1.15927	1.15933	314	0	0
2021.11.04	07:00:00	1.15933	1.15959	1.15932	1.15949	251	0	0
2021.11.04	07:30:00	1.15949	1.15950	1.15909	1.15909	264	0	0
2021.11.04	08:00:00	1.15909	1.15921	1.15853	1.15884	311	0	0
2021.11.04	08:30:00	1.15884	1.15900	1.15853	1.15888	365	0	0
2021.11.04	09:00:00	1.15882	1.15882	1.15810	1.15835	528	0	0
2021.11.04	09:30:00	1.15836	1.15861	1.15778	1.15778	358	0	0
2021.11.04	10:00:00	1.15778	1.15819	1.15755	1.15760	591	0	0
2021.11.04	10:30:00	1.15760	1.15784	1.15700	1.15712	691	0	0
2021.11.04	11:00:00	1.15711	1.15717	1.15500	1.15551	1035	0	0
2021.11.04	11:30:00	1.15547	1.15563	1.15490	1.15530	886	0	0
2021.11.04	12:00:00	1.15531	1.15545	1.15477	1.15500	740	0	0
2021.11.04	12:30:00	1.15500	1.15548	1.15475	1.15528	629	0	0
2021.11.04	13:00:00	1.15527	1.15527	1.15443	1.15451	677	0	0
2021.11.04	13:30:00	1.15450	1.15472	1.15426	1.15456	600	0	0
2021.11.04	14:00:00	1.15457	1.15529	1.15444	1.15524	619	0	0
2021.11.04	14:30:00	1.15524	1.15543	1.15451	1.15543	741	0	0
2021.11.04	15:00:00	1.15542	1.15578	1.15447	1.15548	1375	0	0
2021.11.04	15:30:00	1.15548	1.15627	1.15527	1.15622	1138	0	0
2021.11.04	16:00:00	1.15623	1.15730	1.15586	1.15627	1009	0	0
2021.11.04	16:30:00	1.15627	1.15669	1.15534	1.15534	1033	0	0
2021.11.04	17:00:00	1.15538	1.15565	1.15466	1.15516	1153	0	0
2021.11.04	17:30:00	1.15516	1.15519	1.15399	1.15447	1174	0	0
2021.11.04	18:00:00	1.15444	1.15446	1.15283	1.15283	1048	0	0
2021.11.04	18:30:00	1.15285	1.15462	1.15285	1.15452	1156	0	0
2021.11.04	19:00:00	1.15453	1.15523	1.15448	1.15459	876	0	0
2021.11.04	19:30:00	1.15460	1.15480	1.15402	1.15435	744	0	0
2021.11.04	20:00:00	1.15438	1.15519	1.15429	1.15481	620	0	0
2021.11.04	20:30:00	1.15481	1.15496	1.15450	1.15471	574	0	0
2021.11.04	21:00:00	1.15479	1.15559	1.15469	1.15545	537	0	0
2021.11.04	21:30:00	1.15547	1.15568	1.15523	1.15524	503	0	0
2021.11.04	22:00:00	1.15524	1.15556	1.15512	1.15552	435	0	0
2021.11.04	22:30:00	1.15551	1.15571	1.15539	1.15571	457	0	0
2021.11.04	23:00:00	1.15569	1.15576	1.15549	1.15557	234	0	0
2021.11.04	23:30:00	1.15555	1.15555	1.15516	1.15540	269	0	0
2021.11.05	00:00:00	1.15540	1.15546	1.15498	1.15518	66	0	30
2021.11.05	00:30:00	1.15522	1.15538	1.15514	1.15530	260	0	19
2021.11.05	01:00:00	1.15526	1.15540	1.15518	1.15539	213	0	1
2021.11.05	01:30:00	1.15537	1.15541	1.15523	1.15529	207	0	1
2021.11.05	02:00:00	1.15527	1.15529	1.15486	1.15512	297	0	2
2021.11.05	02:30:00	1.15512	1.15552	1.15511	1.15552	214	0	1
2021.11.05	03:00:00	1.15551	1.15559	1.15495	1.15511	403	0	0
2021.11.05	03:30:00	1.15515	1.15529	1.15471	1.15513	476	0	0
2021.11.05	04:00:00	1.15515	1.15528	1.15451	1.15492	599	0	0
2021.11.05	04:30:00	1.15492	1.15520	1.15484	1.15505	560	0	0
2021.11.05	05:00:00	1.15505	1.15505	1.15462	1.15468	453	0	0
2021.11.05	05:30:00	1.15468	1.15469	1.15416	1.15422	340	0	1
2021.11.05	06:00:00	1.15422	1.15443	1.15409	1.15442	305	0	0
2021.11.05	06:30:00	1.15444	1.15478	1.15429	1.15462	349	0	0
2021.11.05	07:00:00	1.15462	1.15515	1.15462	1.15512	305	0	0
2021.11.05	07:30:00	1.15512	1.15577	1.15509	1.15575	250	0	0
2021.11.05	08:00:00	1.15575	1.15575	1.15536	1.15549	253	0	0
2021.11.05	08:30:00	1.15549	1.15561	1.15529	1.15531	326	0	0
2021.11.05	09:00:00	1.15529	1.15553	1.15504	1.15512	384	0	0
2021.11.05	09:30:00	1.15512	1.15572	1.15509	1.15542	475	0	0
2021.11.05	10:00:00	1.15543	1.15623	1.15528	1.15613	635	0	0
2021.11.05	10:30:00	1.15614	1.15630	1.15582	1.15604	551	0	0
2021.11.05	11:00:00	1.15602	1.15611	1.15512	1.15553	1020	0	0
2021.11.05	11:30:00	1.15556	1.15607	1.15474	1.15492	832	0	0
2021.11.05	12:00:00	1.15488	1.15494	1.15396	1.15397	869	0	0
2021.11.05	12:30:00	1.15396	1.15446	1.15394	1.15425	687	0	0
2021.11.05	13:00:00	1.15425	1.15425	1.15341	1.15351	715	0	0
2021.11.05	13:30:00	1.15350	1.15370	1.15313	1.15366	722	0	0
2021.11.05	14:00:00	1.15367	1.15379	1.15308	1.15331	788	0	0
2021.11.05	14:30:00	1.15331	1.15348	1.15302	1.15335	647	0	0
2021.11.05	15:00:00	1.15335	1.15400	1.15317	1.15384	796	0	0
2021.11.05	15:30:00	1.15382	1.15382	1.15135	1.15145	1664	0	0
2021.11.05	16:00:00	1.15139	1.15320	1.15134	1.15304	1342	0	0
2021.11.05	16:30:00	1.15310	1.15365	1.15170	1.15191	1333	0	0
2021.11.05	17:00:00	1.15192	1.15272	1.15181	1.15237	1159	0	0
2021.11.05	17:30:00	1.15237	1.15304	1.15200	1.15279	952	0	0
2021.11.05	18:00:00	1.15279	1.15432	1.15257	1.15418	1014	0	0
2021.11.05	18:30:00	1.15420	1.15563	1.15413	1.15523	1154	0	0
2021.11.05	19:00:00	1.15522	1.15578	1.15492	1.15562	870	0	0
2021.11.05	19:30:00	1.15566	1.15664	1.15560	1.15635	784	0	0
2021.11.05	20:00:00	1.15633	1.15681	1.15591	1.15591	600	0	0
2021.11.05	20:30:00	1.15591	1.15622	1.15564	1.15567	572	0	0
2021.11.05	21:00:00	1.15566	1.15578	1.15512	1.15526	517	0	0
2021.11.05	21:30:00	1.15521	1.15549	1.15483	1.15499	504	0	0
2021.11.05	22:00:00	1.15499	1.15663	1.15495	1.15649	543	0	0
2021.11.05	22:30:00	1.15649	1.15689	1.15629	1.15680	453	0	0
2021.11.05	23:00:00	1.15680	1.15696	1.15658	1.15687	251	0	1
2021.11.05	23:30:00	1.15688	1.15731	1.15651	1.15675	367	0	1
2021.11.08	00:00:00	1.15515	1.15636	1.15515	1.15591	263	0	0
2021.11.08	00:30:00	1.15591	1.15640	1.15590	1.15607	191	0	5
2021.11.08	01:00:00	1.15629	1.15673	1.15620	1.15651	468	0	0
2021.11.08	01:30:00	1.15651	1.15695	1.15645	1.15680	292	0	1
2021.11.08	02:00:00	1.15681	1.15681	1.15644	1.15655	311	0	0
2021.11.08	02:30:00	1.15654	1.15666	1.15584	1.15605	315	0	0
2021.11.08	03:00:00	1.15605	1.15624	1.15574	1.15589	440	0	0
2021.11.08	03:30:00	1.15589	1.15591	1.15539	1.15548	403	0	0
2021.11.08	04:00:00	1.15548	1.15569	1.15532	1.15549	402	0	0
2021.11.08	04:30:00	1.15550	1.15592	1.15539	1.15592	364	0	0
2021.11.08	05:00:00	1.15593	1.15622	1.15588	1.15616	342	0	0
2021.11.08	05:30:00	1.15614	1.15622	1.15574	1.15577	268	0	0
2021.11.08	06:00:00	1.15577	1.15590	1.15568	1.15585	284	0	0
2021.11.08	06:30:00	1.15587	1.15634	1.15571	1.15611	262	0	0
2021.11.08	07:00:00	1.15611	1.15627	1.15604	1.15620	247	0	0
2021.11.08	07:30:00	1.15620	1.15628	1.15595	1.15598	320	0	0
2021.11.08	08:00:00	1.15600	1.15686	1.15599	1.15649	445	0	0
2021.11.08	08:30:00	1.15649	1.15674	1.15625	1.15634	315	0	0
2021.11.08	09:00:00	1.15637	1.15660	1.15623	1.15631	585	0	0
2021.11.08	09:30:00	1.15630	1.15630	1.15510	1.15593	700	0	0
2021.11.08	10:00:00	1.15595	1.15637	1.15505	1.15535	887	0	0
2021.11.08	10:30:00	1.15534	1.15739	1.15520	1.15702	934	0	0
2021.11.08	11:00:00	1.15704	1.15761	1.15666	1.15683	811	0	0
2021.11.08	11:30:00	1.15683	1.15732	1.15608	1.15612	609	0	0
2021.11.08	12:00:00	1.15613	1.15619	1.15551	1.15608	594	0	0
2021.11.08	12:30:00	1.15607	1.15698	1.15604	1.15673	543	0	0
2021.11.08	13:00:00	1.15672	1.15739	1.15636	1.15636	460	0	0
2021.11.08	13:30:00	1.15636	1.15738	1.15617	1.15715	487	0	0
2021.11.08	14:00:00	1.15715	1.15766	1.15709	1.15760	562	0	0
2021.11.08	14:30:00	1.15762	1.15800	1.15745	1.15761	838	0	0
2021.11.08	15:00:00	1.15763	1.15830	1.15755	1.15808	748	0	0
2021.11.08	15:30:00	1.15808	1.15827	1.15676	1.15685	759	0	0
2021.11.08	16:00:00	1.15686	1.15790	1.15642	1.15709	1011	0	0
2021.11.08	16:30:00	1.15715	1.15774	1.15701	1.15751	1051	0	0
2021.11.08	17:00:00	1.15751	1.15946	1.15735	1.15927	940	0	0
2021.11.08	17:30:00	1.15925	1.15933	1.15848	1.15888	854	0	0
2021.11.08	18:00:00	1.15887	1.15901	1.15847	1.15889	640	0	0
2021.11.08	18:30:00	1.15886	1.15947	1.15867	1.15911	664	0	0
2021.11.08	19:00:00	1.15904	1.15919	1.15883	1.15892	429	0	0
2021.11.08	19:30:00	1.15893	1.15909	1.15837	1.15859	421	0	0
2021.11.08	20:00:00	1.15859	1.15890	1.15835	1.15879	530	0	0
2021.11.08	20:30:00	1.15879	1.15886	1.15858	1.15872	344	0	0
2021.11.08	21:00:00	1.15872	1.15897	1.15860	1.15863	278	0	0
2021.11.08	21:30:00	1.15863	1.15897	1.15863	1.15892	281	0	0
2021.11.08	22:00:00	1.15891	1.15908	1.15825	1.15884	436	0	0
2021.11.08	22:30:00	1.15884	1.15911	1.15873	1.15890	391	0	0
2021.11.08	23:00:00	1.15890	1.15913	1.15881	1.15885	249	0	0
2021.11.08	23:30:00	1.15882	1.15890	1.15861	1.15871	221	0	0
2021.11.09	00:00:00	1.15871	1.15874	1.15830	1.15855	102	0	26
2021.11.09	00:30:00	1.15855	1.15877	1.15846	1.15848	246	0	10
2021.11.09	01:00:00	1.15848	1.15874	1.15847	1.15847	242	0	2
2021.11.09	01:30:00	1.15847	1.15878	1.15847	1.15877	190	0	0
2021.11.09	02:00:00	1.15878	1.15907	1.15850	1.15851	371	0	0
2021.11.09	02:30:00	1.15850	1.15858	1.15793	1.15811	325	0	0
2021.11.09	03:00:00	1.15810	1.15864	1.15793	1.15841	526	0	0
2021.11.09	03:30:00	1.15842	1.15847	1.15771	1.15800	523	0	0
2021.11.09	04:00:00	1.15801	1.15877	1.15796	1.15839	507	0	0
2021.11.09	04:30:00	1.15839	1.15858	1.15815	1.15848	476	0	0
2021.11.09	05:00:00	1.15847	1.15885	1.15834	1.15864	461	0	0
2021.11.09	05:30:00	1.15864	1.15870	1.15832	1.15852	526	0	0
2021.11.09	06:00:00	1.15852	1.15952	1.15852	1.15934	425	0	0
2021.11.09	06:30:00	1.15933	1.15993	1.15928	1.15969	361	0	0
2021.11.09	07:00:00	1.15969	1.16013	1.15969	1.16006	452	0	0
2021.11.09	07:30:00	1.16006	1.16064	1.15994	1.15994	507	0	0
2021.11.09	08:00:00	1.15994	1.16064	1.15994	1.16035	538	0	0
2021.11.09	08:30:00	1.16035	1.16035	1.15968	1.15971	474	0	0
2021.11.09	09:00:00	1.15973	1.16031	1.15953	1.15955	635	0	0
2021.11.09	09:30:00	1.15955	1.15962	1.15908	1.15961	708	0	0
2021.11.09	10:00:00	1.15962	1.15964	1.15805	1.15836	883	0	0
2021.11.09	10:30:00	1.15836	1.15908	1.15835	1.15897	718	0	0
2021.11.09	11:00:00	1.15896	1.15916	1.15835	1.15876	789	0	0
2021.11.09	11:30:00	1.15875	1.15947	1.15866	1.15935	621	0	0
2021.11.09	12:00:00	1.15934	1.15984	1.15902	1.15960	635	0	0
2021.11.09	12:30:00	1.15960	1.15971	1.15900	1.15906	598	0	0
2021.11.09	13:00:00	1.15903	1.15958	1.15891	1.15893	562	0	0
2021.11.09	13:30:00	1.15893	1.15928	1.15782	1.15800	792	0	0
2021.11.09	14:00:00	1.15802	1.15820	1.15746	1.15781	728	0	0
2021.11.09	14:30:00	1.15783	1.15789	1.15714	1.15721	707	0	0
2021.11.09	15:00:00	1.15721	1.15790	1.15699	1.15785	867	0	0
2021.11.09	15:30:00	1.15784	1.15963	1.15751	1.15962	1131	0	0
2021.11.09	16:00:00	1.15963	1.15999	1.15872	1.15937	979	0	0
2021.11.09	16:30:00	1.15938	1.16083	1.15938	1.16005	1245	0	0
2021.11.09	17:00:00	1.15997	1.16019	1.15770	1.15802	1357	0	0
2021.11.09	17:30:00	1.15801	1.15869	1.15755	1.15849	1100	0	0
2021.11.09	18:00:00	1.15844	1.15857	1.15714	1.15766	998	0	0
2021.11.09	18:30:00	1.15766	1.15876	1.15745	1.15873	850	0	0
2021.11.09	19:00:00	1.15874	1.15934	1.15863	1.15908	740	0	0
2021.11.09	19:30:00	1.15909	1.15938	1.15886	1.15914	597	0	0
2021.11.09	20:00:00	1.15914	1.15939	1.15871	1.15909	702	0	0
2021.11.09	20:30:00	1.15909	1.15916	1.15871	1.15899	450	0	0
2021.11.09	21:00:00	1.15897	1.15936	1.15885	1.15935	386	0	0
2021.11.09	21:30:00	1.15934	1.15948	1.15915	1.15943	488	0	0
2021.11.09	22:00:00	1.15942	1.15985	1.15930	1.15930	456	0	0
2021.11.09	22:30:00	1.15931	1.15973	1.15920	1.15957	500	0	0
2021.11.09	23:00:00	1.15957	1.15966	1.15940	1.15947	232	0	0
2021.11.09	23:30:00	1.15947	1.15954	1.15930	1.15940	193	0	0
2021.11.10	00:00:00	1.15940	1.15940	1.15902	1.15911	120	0	22
2021.11.10	00:30:00	1.15910	1.15921	1.15902	1.15916	335	0	21
2021.11.10	01:00:00	1.15925	1.15942	1.15919	1.15921	229	0	4
2021.11.10	01:30:00	1.15922	1.15941	1.15920	1.15938	223	0	0
2021.11.10	02:00:00	1.15939	1.15952	1.15916	1.15930	283	0	0
2021.11.10	02:30:00	1.15930	1.15941	1.15907	1.15911	289	0	0
2021.11.10	03:00:00	1.15911	1.15953	1.15895	1.15916	391	0	0
2021.11.10	03:30:00	1.15920	1.15937	1.15882	1.15915	489	0	1
2021.11.10	04:00:00	1.15915	1.15921	1.15873	1.15889	431	0	0
2021.11.10	04:30:00	1.15889	1.15892	1.15831	1.15854	441	0	0
2021.11.10	05:00:00	1.15853	1.15869	1.15826	1.15866	292	0	0
2021.11.10	05:30:00	1.15865	1.15875	1.15833	1.15841	269	0	0
2021.11.10	06:00:00	1.15841	1.15847	1.15815	1.15819	288	0	0
2021.11.10	06:30:00	1.15819	1.15847	1.15818	1.15841	262	0	0
2021.11.10	07:00:00	1.15841	1.15850	1.15790	1.15816	375	0	0
2021.11.10	07:30:00	1.15814	1.15815	1.15769	1.15774	290	0	0
2021.11.10	08:00:00	1.15774	1.15803	1.15769	1.15784	308	0	0
2021.11.10	08:30:00	1.15784	1.15822	1.15768	1.15798	512	0	0
2021.11.10	09:00:00	1.15796	1.15799	1.15701	1.15722	686	0	0
2021.11.10	09:30:00	1.15721	1.15721	1.15579	1.15684	835	0	0
2021.11.10	10:00:00	1.15680	1.15731	1.15664	1.15690	893	0	0
2021.11.10	10:30:00	1.15687	1.15712	1.15621	1.15637	835	0	0
2021.11.10	11:00:00	1.15638	1.15683	1.15594	1.15678	789	0	0
2021.11.10	11:30:00	1.15677	1.15820	1.15677	1.15775	974	0	0
2021.11.10	12:00:00	1.15775	1.15811	1.15763	1.15785	617	0	0
2021.11.10	12:30:00	1.15784	1.15805	1.15713	1.15719	548	0	0
2021.11.10	13:00:00	1.15715	1.15715	1.15526	1.15564	803	0	0
2021.11.10	13:30:00	1.15564	1.15565	1.15458	1.15492	740	0	0
2021.11.10	14:00:00	1.15492	1.15534	1.15470	1.15486	606	0	0
2021.11.10	14:30:00	1.15487	1.15588	1.15452	1.15582	707	0	0
2021.11.10	15:00:00	1.15582	1.15615	1.15535	1.15571	747	0	0
2021.11.10	15:30:00	1.15569	1.15639	1.15330	1.15538	1650	0	0
2021.11.10	16:00:00	1.15532	1.15688	1.15532	1.15636	1345	0	0
2021.11.10	16:30:00	1.15631	1.15742	1.15497	1.15609	1498	0	0
2021.11.10	17:00:00	1.15617	1.15630	1.15279	1.15295	1369	0	0
2021.11.10	17:30:00	1.15288	1.15289	1.15113	1.15186	1400	0	0
2021.11.10	18:00:00	1.15186	1.15344	1.15175	1.15248	1046	0	0
2021.11.10	18:30:00	1.15250	1.15266	1.15145	1.15192	1028	0	0
2021.11.10	19:00:00	1.15193	1.15194	1.15057	1.15112	936	0	0
2021.11.10	19:30:00	1.15112	1.15170	1.15101	1.15120	778	0	0
2021.11.10	20:00:00	1.15123	1.15156	1.14819	1.14935	1479	0	0
2021.11.10	20:30:00	1.14935	1.14998	1.14870	1.14983	1011	0	0
2021.11.10	21:00:00	1.14984	1.14986	1.14890	1.14895	829	0	0
2021.11.10	21:30:00	1.14893	1.14939	1.14827	1.14833	829	0	0
2021.11.10	22:00:00	1.14835	1.14859	1.14810	1.14844	761	0	0
2021.11.10	22:30:00	1.14840	1.14843	1.14776	1.14779	768	0	0
2021.11.10	23:00:00	1.14776	1.14804	1.14764	1.14797	338	0	0
2021.11.10	23:30:00	1.14797	1.14809	1.14760	1.14767	354	0	0
2021.11.11	00:00:00	1.14767	1.14816	1.14759	1.14781	95	0	9
2021.11.11	00:30:00	1.14781	1.14817	1.14777	1.14783	361	0	0
2021.11.11	01:00:00	1.14783	1.14823	1.14773	1.14817	241	0	2
2021.11.11	01:30:00	1.14817	1.14870	1.14817	1.14860	224	0	0
2021.11.11	02:00:00	1.14855	1.14875	1.14796	1.14856	381	0	0
2021.11.11	02:30:00	1.14845	1.14855	1.14795	1.14800	429	0	0
2021.11.11	03:00:00	1.14802	1.14816	1.14728	1.14787	534	0	0
2021.11.11	03:30:00	1.14786	1.14838	1.14767	1.14790	436	0	0
2021.11.11	04:00:00	1.14793	1.14846	1.14757	1.14761	376	0	0
2021.11.11	04:30:00	1.14762	1.14806	1.14676	1.14685	365	0	0
2021.11.11	05:00:00	1.14685	1.14752	1.14647	1.14741	455	0	0
2021.11.11	05:30:00	1.14741	1.14785	1.14737	1.14762	356	0	0
2021.11.11	06:00:00	1.14762	1.14765	1.14706	1.14731	282	0	0
2021.11.11	06:30:00	1.14731	1.14803	1.14727	1.14802	255	0	0
2021.11.11	07:00:00	1.14802	1.14805	1.14750	1.14783	274	0	0
2021.11.11	07:30:00	1.14784	1.14798	1.14753	1.14793	283	0	0
2021.11.11	08:00:00	1.14794	1.14827	1.14771	1.14819	314	0	0
2021.11.11	08:30:00	1.14819	1.14850	1.14792	1.14799	625	0	0
2021.11.11	09:00:00	1.14799	1.14822	1.14760	1.14775	654	0	0
2021.11.11	09:30:00	1.14773	1.14773	1.14601	1.14602	671	0	0
2021.11.11	10:00:00	1.14603	1.14636	1.14540	1.14627	843	0	0
2021.11.11	10:30:00	1.14626	1.14763	1.14621	1.14715	868	0	0
2021.11.11	11:00:00	1.14709	1.14711	1.14592	1.14606	841	0	0
2021.11.11	11:30:00	1.14602	1.14647	1.14562	1.14631	712	0	0
2021.11.11	12:00:00	1.14628	1.14746	1.14628	1.14705	768	0	0
2021.11.11	12:30:00	1.14705	1.14733	1.14595	1.14616	692	0	0
2021.11.11	13:00:00	1.14616	1.14653	1.14540	1.14633	743	0	0
2021.11.11	13:30:00	1.14634	1.14724	1.14617	1.14698	618	0	0
2021.11.11	14:00:00	1.14699	1.14748	1.14649	1.14684	661	0	0
2021.11.11	14:30:00	1.14683	1.14692	1.14615	1.14631	760	0	0
2021.11.11	15:00:00	1.14629	1.14654	1.14568	1.14575	762	0	0
2021.11.11	15:30:00	1.14575	1.14659	1.14557	1.14596	738	0	0
2021.11.11	16:00:00	1.14599	1.14701	1.14570	1.14692	737	0	0
2021.11.11	16:30:00	1.14695	1.14738	1.14603	1.14693	813	0	0
2021.11.11	17:00:00	1.14690	1.14692	1.14621	1.14685	663	0	0
2021.11.11	17:30:00	1.14688	1.14771	1.14672	1.14704	920	0	0
2021.11.11	18:00:00	1.14702	1.14707	1.14625	1.14625	576	0	0
2021.11.11	18:30:00	1.14625	1.14689	1.14596	1.14631	624	0	0
2021.11.11	19:00:00	1.14632	1.14663	1.14580	1.14595	449	0	0
2021.11.11	19:30:00	1.14594	1.14625	1.14501	1.14512	415	0	0
2021.11.11	20:00:00	1.14510	1.14525	1.14464	1.14488	443	0	0
2021.11.11	20:30:00	1.14486	1.14523	1.14477	1.14487	325	0	0
2021.11.11	21:00:00	1.14489	1.14512	1.14455	1.14481	414	0	0
2021.11.11	21:30:00	1.14481	1.14498	1.14445	1.14450	351	0	0
2021.11.11	22:00:00	1.14453	1.14488	1.14429	1.14481	354	0	0
2021.11.11	22:30:00	1.14481	1.14488	1.14448	1.14471	301	0	0
2021.11.11	23:00:00	1.14463	1.14493	1.14454	1.14491	214	0	0
2021.11.11	23:30:00	1.14491	1.14497	1.14466	1.14486	195	0	0
2021.11.12	00:00:00	1.14486	1.14508	1.14444	1.14460	180	0	7
2021.11.12	00:30:00	1.14475	1.14493	1.14459	1.14487	93	0	1
2021.11.12	01:00:00	1.14486	1.14487	1.14462	1.14481	299	0	2
2021.11.12	01:30:00	1.14481	1.14482	1.14461	1.14473	338	0	2
2021.11.12	02:00:00	1.14477	1.14483	1.14420	1.14423	404	0	0
2021.11.12	02:30:00	1.14422	1.14465	1.14407	1.14410	345	0	0
2021.11.12	03:00:00	1.14410	1.14430	1.14370	1.14371	474	0	0
2021.11.12	03:30:00	1.14374	1.14393	1.14362	1.14386	408	0	0
2021.11.12	04:00:00	1.14385	1.14396	1.14362	1.14384	343	0	0
2021.11.12	04:30:00	1.14384	1.14427	1.14372	1.14406	295	0	0
2021.11.12	05:00:00	1.14406	1.14406	1.14366	1.14385	284	0	0
2021.11.12	05:30:00	1.14385	1.14401	1.14377	1.14392	281	0	0
2021.11.12	06:00:00	1.14393	1.14394	1.14373	1.14391	216	0	0
2021.11.12	06:30:00	1.14392	1.14416	1.14385	1.14416	277	0	0
2021.11.12	07:00:00	1.14417	1.14417	1.14391	1.14405	270	0	0
2021.11.12	07:30:00	1.14406	1.14442	1.14406	1.14439	421	0	0
2021.11.12	08:00:00	1.14438	1.14443	1.14405	1.14425	386	0	0
2021.11.12	08:30:00	1.14424	1.14456	1.14424	1.14454	355	0	0
2021.11.12	09:00:00	1.14451	1.14476	1.14413	1.14461	629	0	0
2021.11.12	09:30:00	1.14460	1.14560	1.14453	1.14508	655	0	0
2021.11.12	10:00:00	1.14509	1.14528	1.14431	1.14457	881	0	0
2021.11.12	10:30:00	1.14464	1.14553	1.14443	1.14542	860	0	0
2021.11.12	11:00:00	1.14542	1.14543	1.14387	1.14445	818	0	0
2021.11.12	11:30:00	1.14445	1.14455	1.14375	1.14427	755	0	0
2021.11.12	12:00:00	1.14426	1.14477	1.14376	1.14464	734	0	0
2021.11.12	12:30:00	1.14464	1.14488	1.14413	1.14416	546	0	0
2021.11.12	13:00:00	1.14418	1.14461	1.14393	1.14443	543	0	0
2021.11.12	13:30:00	1.14441	1.14526	1.14441	1.14498	622	0	0
2021.11.12	14:00:00	1.14498	1.14550	1.14462	1.14539	669	0	0
2021.11.12	14:30:00	1.14539	1.14552	1.14458	1.14476	728	0	0
2021.11.12	15:00:00	1.14480	1.14535	1.14454	1.14509	741	0	0
2021.11.12	15:30:00	1.14512	1.14518	1.14450	1.14457	726	0	0
2021.11.12	16:00:00	1.14456	1.14492	1.14391	1.14410	893	0	0
2021.11.12	16:30:00	1.14411	1.14412	1.14329	1.14370	958	0	0
2021.11.12	17:00:00	1.14372	1.14622	1.14371	1.14506	1379	0	0
2021.11.12	17:30:00	1.14506	1.14520	1.14396	1.14442	1108	0	0
2021.11.12	18:00:00	1.14442	1.14518	1.14419	1.14495	966	0	0
2021.11.12	18:30:00	1.14495	1.14515	1.14420	1.14425	805	0	0
2021.11.12	19:00:00	1.14425	1.14474	1.14412	1.14442	540	0	0
2021.11.12	19:30:00	1.14442	1.14508	1.14440	1.14493	526	0	0
2021.11.12	20:00:00	1.14494	1.14519	1.14467	1.14481	474	0	0
2021.11.12	20:30:00	1.14480	1.14516	1.14465	1.14471	411	0	0
2021.11.12	21:00:00	1.14469	1.14494	1.14460	1.14461	381	0	0
2021.11.12	21:30:00	1.14461	1.14466	1.14425	1.14429	455	0	0
2021.11.12	22:00:00	1.14430	1.14464	1.14422	1.14438	316	0	0
2021.11.12	22:30:00	1.14434	1.14469	1.14429	1.14463	320	0	0
2021.11.12	23:00:00	1.14462	1.14467	1.14422	1.14423	210	0	0
2021.11.12	23:30:00	1.14423	1.14433	1.14412	1.14429	224	0	0
2021.11.15	00:00:00	1.14399	1.14463	1.14399	1.14438	70	0	2
2021.11.15	00:30:00	1.14438	1.14444	1.14423	1.14433	116	0	1
2021.11.15	01:00:00	1.14434	1.14448	1.14420	1.14423	307	0	0
2021.11.15	01:30:00	1.14423	1.14430	1.14413	1.14414	181	0	1
2021.11.15	02:00:00	1.14414	1.14454	1.14414	1.14437	322	0	0
2021.11.15	02:30:00	1.14437	1.14470	1.14427	1.14459	332	0	0
2021.11.15	03:00:00	1.14459	1.14465	1.14426	1.14464	354	0	0
2021.11.15	03:30:00	1.14464	1.14600	1.14464	1.14599	522	0	0
2021.11.15	04:00:00	1.14600	1.14640	1.14555	1.14574	538	0	0
2021.11.15	04:30:00	1.14576	1.14599	1.14552	1.14599	311	0	0
2021.11.15	05:00:00	1.14598	1.14602	1.14576	1.14590	281	0	0
2021.11.15	05:30:00	1.14587	1.14614	1.14569	1.14578	220	0	0
2021.11.15	06:00:00	1.14578	1.14590	1.14564	1.14584	164	0	1
2021.11.15	06:30:00	1.14584	1.14591	1.14555	1.14555	247	0	0
2021.11.15	07:00:00	1.14555	1.14573	1.14552	1.14565	213	0	0
2021.11.15	07:30:00	1.14565	1.14630	1.14549	1.14600	376	0	0
2021.11.15	08:00:00	1.14601	1.14620	1.14551	1.14565	383	0	0
2021.11.15	08:30:00	1.14565	1.14592	1.14534	1.14586	336	0	0
2021.11.15	09:00:00	1.14579	1.14612	1.14541	1.14568	656	0	0
2021.11.15	09:30:00	1.14567	1.14571	1.14489	1.14500	708	0	0
2021.11.15	10:00:00	1.14501	1.14528	1.14456	1.14509	901	0	0
2021.11.15	10:30:00	1.14508	1.14545	1.14368	1.14487	839	0	0
2021.11.15	11:00:00	1.14488	1.14513	1.14451	1.14480	742	0	0
2021.11.15	11:30:00	1.14480	1.14540	1.14465	1.14483	698	0	0
2021.11.15	12:00:00	1.14485	1.14519	1.14447	1.14505	666	0	0
2021.11.15	12:30:00	1.14504	1.14565	1.14462	1.14478	743	0	0
2021.11.15	13:00:00	1.14477	1.14505	1.14425	1.14426	670	0	0
2021.11.15	13:30:00	1.14426	1.14550	1.14425	1.14501	742	0	0
2021.11.15	14:00:00	1.14501	1.14534	1.14461	1.14505	599	0	0
2021.11.15	14:30:00	1.14504	1.14544	1.14403	1.14406	638	0	0
2021.11.15	15:00:00	1.14408	1.14478	1.14403	1.14464	795	0	0
2021.11.15	15:30:00	1.14466	1.14466	1.14393	1.14455	833	0	0
2021.11.15	16:00:00	1.14457	1.14460	1.14343	1.14395	882	0	0
2021.11.15	16:30:00	1.14394	1.14439	1.14345	1.14378	1083	0	0
2021.11.15	17:00:00	1.14377	1.14451	1.14313	1.14322	1116	0	0
2021.11.15	17:30:00	1.14322	1.14327	1.14179	1.14203	1084	0	0
2021.11.15	18:00:00	1.14204	1.14237	1.14152	1.14211	1021	0	0
2021.11.15	18:30:00	1.14211	1.14241	1.14151	1.14210	926	0	0
2021.11.15	19:00:00	1.14211	1.14211	1.13806	1.13891	1068	0	0
2021.11.15	19:30:00	1.13889	1.13911	1.13809	1.13856	987	0	0
2021.11.15	20:00:00	1.13852	1.13876	1.13779	1.13858	738	0	0
2021.11.15	20:30:00	1.13857	1.13868	1.13798	1.13846	602	0	0
2021.11.15	21:00:00	1.13847	1.13900	1.13844	1.13895	539	0	0
2021.11.15	21:30:00	1.13895	1.13900	1.13848	1.13855	506	0	0
2021.11.15	22:00:00	1.13856	1.13868	1.13688	1.13695	729	0	0
2021.11.15	22:30:00	1.13695	1.13708	1.13563	1.13601	829	0	0
2021.11.15	23:00:00	1.13605	1.13702	1.13605	1.13698	452	0	0
2021.11.15	23:30:00	1.13698	1.13719	1.13665	1.13669	343	0	0
2021.11.16	00:00:00	1.13669	1.13687	1.13605	1.13649	153	0	13
2021.11.16	00:30:00	1.13649	1.13692	1.13630	1.13645	356	0	0
2021.11.16	01:00:00	1.13663	1.13723	1.13663	1.13718	284	0	0
2021.11.16	01:30:00	1.13718	1.13719	1.13596	1.13670	414	0	0
2021.11.16	02:00:00	1.13671	1.13752	1.13659	1.13732	647	0	0
2021.11.16	02:30:00	1.13732	1.13782	1.13719	1.13734	539	0	0
2021.11.16	03:00:00	1.13735	1.13784	1.13734	1.13744	568	0	0
2021.11.16	03:30:00	1.13744	1.13796	1.13710	1.13790	746	0	0
2021.11.16	04:00:00	1.13790	1.13830	1.13770	1.13819	595	0	0
2021.11.16	04:30:00	1.13821	1.13856	1.13810	1.13830	680	0	0
2021.11.16	05:00:00	1.13829	1.13844	1.13816	1.13828	513	0	0
2021.11.16	05:30:00	1.13827	1.13840	1.13789	1.13824	346	0	0
2021.11.16	06:00:00	1.13827	1.13834	1.13792	1.13807	379	0	0
2021.11.16	06:30:00	1.13806	1.13840	1.13790	1.13839	399	0	0
2021.11.16	07:00:00	1.13837	1.13845	1.13780	1.13782	363	0	0
2021.11.16	07:30:00	1.13782	1.13791	1.13755	1.13770	479	0	0
2021.11.16	08:00:00	1.13771	1.13822	1.13749	1.13749	548	0	0
2021.11.16	08:30:00	1.13749	1.13785	1.13744	1.13777	509	0	0
2021.11.16	09:00:00	1.13777	1.13794	1.13682	1.13698	858	0	0
2021.11.16	09:30:00	1.13697	1.13798	1.13689	1.13797	873	0	0
2021.11.16	10:00:00	1.13798	1.13798	1.13690	1.13746	962	0	0
2021.11.16	10:30:00	1.13749	1.13770	1.13714	1.13748	864	0	0
2021.11.16	11:00:00	1.13748	1.13750	1.13580	1.13617	920	0	0
2021.11.16	11:30:00	1.13616	1.13650	1.13582	1.13612	872	0	0
2021.11.16	12:00:00	1.13612	1.13633	1.13549	1.13557	782	0	0
2021.11.16	12:30:00	1.13558	1.13619	1.13515	1.13613	837	0	0
2021.11.16	13:00:00	1.13614	1.13723	1.13600	1.13723	896	0	0
2021.11.16	13:30:00	1.13720	1.13722	1.13669	1.13673	780	0	0
2021.11.16	14:00:00	1.13673	1.13716	1.13660	1.13707	759	0	0
2021.11.16	14:30:00	1.13708	1.13721	1.13586	1.13623	797	0	0
2021.11.16	15:00:00	1.13625	1.13702	1.13616	1.13692	899	0	0
2021.11.16	15:30:00	1.13687	1.13748	1.13577	1.13620	1446	0	0
2021.11.16	16:00:00	1.13609	1.13623	1.13298	1.13393	1534	0	0
2021.11.16	16:30:00	1.13394	1.13490	1.13390	1.13439	1390	0	0
2021.11.16	17:00:00	1.13437	1.13532	1.13408	1.13472	1360	0	0
2021.11.16	17:30:00	1.13470	1.13522	1.13406	1.13501	1185	0	0
2021.11.16	18:00:00	1.13500	1.13553	1.13405	1.13443	1079	0	0
2021.11.16	18:30:00	1.13443	1.13456	1.13318	1.13339	842	0	0
2021.11.16	19:00:00	1.13337	1.13355	1.13236	1.13245	857	0	0
2021.11.16	19:30:00	1.13245	1.13286	1.13197	1.13273	840	0	0
2021.11.16	20:00:00	1.13274	1.13343	1.13269	1.13313	828	0	0
2021.11.16	20:30:00	1.13312	1.13323	1.13208	1.13270	673	0	0
2021.11.16	21:00:00	1.13274	1.13311	1.13210	1.13212	757	0	0
2021.11.16	21:30:00	1.13212	1.13243	1.13163	1.13167	584	0	0
2021.11.16	22:00:00	1.13168	1.13216	1.13152	1.13213	607	0	0
2021.11.16	22:30:00	1.13214	1.13231	1.13119	1.13126	715	0	0
2021.11.16	23:00:00	1.13128	1.13185	1.13093	1.13174	525	0	0
2021.11.16	23:30:00	1.13173	1.13198	1.13168	1.13198	393	0	0
2021.11.17	00:00:00	1.13198	1.13220	1.13198	1.13217	137	0	0
2021.11.17	00:30:00	1.13217	1.13224	1.13199	1.13208	150	0	0
2021.11.17	01:00:00	1.13207	1.13207	1.13133	1.13133	375	0	0
2021.11.17	01:30:00	1.13132	1.13186	1.13097	1.13183	395	0	0
2021.11.17	02:00:00	1.13183	1.13233	1.13139	1.13232	533	0	0
2021.11.17	02:30:00	1.13229	1.13231	1.13170	1.13221	589	0	0
2021.11.17	03:00:00	1.13221	1.13266	1.13202	1.13264	635	0	0
2021.11.17	03:30:00	1.13264	1.13268	1.13218	1.13230	601	0	0
2021.11.17	04:00:00	1.13231	1.13231	1.13195	1.13215	492	0	0
2021.11.17	04:30:00	1.13215	1.13240	1.13189	1.13220	479	0	0
2021.11.17	05:00:00	1.13218	1.13220	1.13107	1.13113	582	0	0
2021.11.17	05:30:00	1.13115	1.13120	1.12637	1.12887	1092	0	0
2021.11.17	06:00:00	1.12886	1.13013	1.12886	1.12976	916	0	0
2021.11.17	06:30:00	1.12978	1.13015	1.12953	1.12979	651	0	0
2021.11.17	07:00:00	1.12983	1.13028	1.12914	1.12917	663	0	0
2021.11.17	07:30:00	1.12917	1.13004	1.12917	1.12992	577	0	0
2021.11.17	08:00:00	1.12991	1.13034	1.12956	1.13011	702	0	0
2021.11.17	08:30:00	1.13010	1.13079	1.13008	1.13022	687	0	0
2021.11.17	09:00:00	1.13022	1.13150	1.12976	1.13131	1065	0	0
2021.11.17	09:30:00	1.13131	1.13173	1.12998	1.13027	1011	0	0
2021.11.17	10:00:00	1.13028	1.13194	1.12992	1.13182	1049	0	0
2021.11.17	10:30:00	1.13186	1.13209	1.13117	1.13173	924	0	0
2021.11.17	11:00:00	1.13172	1.13186	1.13103	1.13111	957	0	0
2021.11.17	11:30:00	1.13111	1.13187	1.13081	1.13125	926	0	0
2021.11.17	12:00:00	1.13125	1.13166	1.13079	1.13132	838	0	0
2021.11.17	12:30:00	1.13132	1.13166	1.13071	1.13078	787	0	0
2021.11.17	13:00:00	1.13077	1.13148	1.13071	1.13143	708	0	0
2021.11.17	13:30:00	1.13145	1.13246	1.13132	1.13246	734	0	0
2021.11.17	14:00:00	1.13245	1.13323	1.13231	1.13247	950	0	0
2021.11.17	14:30:00	1.13250	1.13253	1.13159	1.13169	774	0	0
2021.11.17	15:00:00	1.13169	1.13221	1.13124	1.13147	858	0	0
2021.11.17	15:30:00	1.13147	1.13207	1.12979	1.12988	1110	0	0
2021.11.17	16:00:00	1.12993	1.13153	1.12978	1.13089	1047	0	0
2021.11.17	16:30:00	1.13090	1.13210	1.13060	1.13182	1206	0	0
2021.11.17	17:00:00	1.13181	1.13186	1.13056	1.13096	1139	0	0
2021.11.17	17:30:00	1.13096	1.13097	1.12934	1.13079	1138	0	0
2021.11.17	18:00:00	1.13078	1.13117	1.12999	1.13041	1027	0	0
2021.11.17	18:30:00	1.13039	1.13221	1.13025	1.13205	937	0	0
2021.11.17	19:00:00	1.13205	1.13259	1.13182	1.13208	931	0	0
2021.11.17	19:30:00	1.13210	1.13262	1.13170	1.13190	901	0	0
2021.11.17	20:00:00	1.13191	1.13262	1.13140	1.13245	947	0	0
2021.11.17	20:30:00	1.13241	1.13241	1.13140	1.13182	723	0	0
2021.11.17	21:00:00	1.13184	1.13194	1.13121	1.13148	697	0	0
2021.11.17	21:30:00	1.13146	1.13160	1.13131	1.13147	553	0	0
2021.11.17	22:00:00	1.13148	1.13231	1.13112	1.13174	660	0	0
2021.11.17	22:30:00	1.13173	1.13227	1.13169	1.13225	587	0	0
2021.11.17	23:00:00	1.13223	1.13223	1.13181	1.13199	380	0	0
2021.11.17	23:30:00	1.13199	1.13231	1.13186	1.13187	368	0	0
2021.11.18	00:00:00	1.13187	1.13219	1.13172	1.13196	160	0	12
2021.11.18	00:30:00	1.13196	1.13208	1.13166	1.13185	248	0	11
2021.11.18	01:00:00	1.13193	1.13201	1.13163	1.13190	342	0	2
2021.11.18	01:30:00	1.13193	1.13193	1.13156	1.13179	321	0	0
2021.11.18	02:00:00	1.13179	1.13262	1.13177	1.13231	485	0	0
2021.11.18	02:30:00	1.13231	1.13264	1.13164	1.13232	603	0	0
2021.11.18	03:00:00	1.13230	1.13285	1.13184	1.13281	639	0	0
2021.11.18	03:30:00	1.13282	1.13285	1.13233	1.13244	592	0	0
2021.11.18	04:00:00	1.13246	1.13381	1.13241	1.13353	834	0	0
2021.11.18	04:30:00	1.13353	1.13353	1.13300	1.13343	622	0	0
2021.11.18	05:00:00	1.13341	1.13352	1.13270	1.13291	496	0	0
2021.11.18	05:30:00	1.13290	1.13320	1.13268	1.13281	540	0	0
2021.11.18	06:00:00	1.13281	1.13291	1.13259	1.13280	439	0	0
2021.11.18	06:30:00	1.13280	1.13306	1.13250	1.13250	479	0	0
2021.11.18	07:00:00	1.13251	1.13260	1.13189	1.13195	593	0	0
2021.11.18	07:30:00	1.13192	1.13200	1.13160	1.13182	505	0	0
2021.11.18	08:00:00	1.13182	1.13212	1.13160	1.13191	614	0	0
2021.11.18	08:30:00	1.13190	1.13198	1.13138	1.13197	480	0	0
2021.11.18	09:00:00	1.13189	1.13285	1.13146	1.13285	805	0	0
2021.11.18	09:30:00	1.13287	1.13385	1.13255	1.13348	839	0	0
2021.11.18	10:00:00	1.13347	1.13397	1.13310	1.13383	921	0	0
2021.11.18	10:30:00	1.13384	1.13395	1.13258	1.13337	932	0	0
2021.11.18	11:00:00	1.13339	1.13352	1.13271	1.13303	753	0	0
2021.11.18	11:30:00	1.13303	1.13339	1.13239	1.13317	864	0	0
2021.11.18	12:00:00	1.13317	1.13339	1.13287	1.13306	742	0	0
2021.11.18	12:30:00	1.13303	1.13384	1.13299	1.13373	731	0	0
2021.11.18	13:00:00	1.13371	1.13459	1.13371	1.13441	798	0	0
2021.11.18	13:30:00	1.13444	1.13475	1.13424	1.13443	865	0	0
2021.11.18	14:00:00	1.13443	1.13476	1.13375	1.13405	612	0	0
2021.11.18	14:30:00	1.13406	1.13481	1.13379	1.13399	759	0	0
2021.11.18	15:00:00	1.13399	1.13473	1.13321	1.13335	919	0	0
2021.11.18	15:30:00	1.13336	1.13422	1.13278	1.13344	1202	0	0
2021.11.18	16:00:00	1.13344	1.13416	1.13267	1.13407	1088	0	0
2021.11.18	16:30:00	1.13408	1.13473	1.13375	1.13415	1295	0	0
2021.11.18	17:00:00	1.13415	1.13589	1.13366	1.13504	1344	0	0
2021.11.18	17:30:00	1.13503	1.13578	1.13453	1.13483	1173	0	0
2021.11.18	18:00:00	1.13481	1.13546	1.13465	1.13476	1077	0	0
2021.11.18	18:30:00	1.13473	1.13586	1.13473	1.13585	857	0	0
2021.11.18	19:00:00	1.13585	1.13738	1.13576	1.13731	866	0	0
2021.11.18	19:30:00	1.13730	1.13739	1.13674	1.13698	626	0	0
2021.11.18	20:00:00	1.13698	1.13740	1.13677	1.13690	640	0	0
2021.11.18	20:30:00	1.13689	1.13697	1.13668	1.13677	559	0	0
2021.11.18	21:00:00	1.13675	1.13711	1.13672	1.13705	513	0	0
2021.11.18	21:30:00	1.13704	1.13720	1.13693	1.13705	502	0	0
2021.11.18	22:00:00	1.13705	1.13722	1.13688	1.13711	542	0	0
2021.11.18	22:30:00	1.13710	1.13728	1.13690	1.13727	475	0	0
2021.11.18	23:00:00	1.13725	1.13728	1.13704	1.13714	304	0	0
2021.11.18	23:30:00	1.13713	1.13739	1.13708	1.13725	386	0	0
2021.11.19	00:00:00	1.13725	1.13725	1.13673	1.13715	113	0	0
2021.11.19	00:30:00	1.13715	1.13718	1.13695	1.13704	193	0	3
2021.11.19	01:00:00	1.13709	1.13726	1.13707	1.13722	189	0	1
2021.11.19	01:30:00	1.13722	1.13726	1.13677	1.13679	249	0	0
2021.11.19	02:00:00	1.13680	1.13690	1.13633	1.13643	433	0	0
2021.11.19	02:30:00	1.13643	1.13663	1.13627	1.13645	398	0	0
2021.11.19	03:00:00	1.13646	1.13653	1.13578	1.13593	571	0	0
2021.11.19	03:30:00	1.13594	1.13619	1.13562	1.13565	754	0	0
2021.11.19	04:00:00	1.13569	1.13569	1.13550	1.13558	393	0	0
2021.11.19	04:30:00	1.13557	1.13568	1.13540	1.13544	441	0	0
2021.11.19	05:00:00	1.13544	1.13572	1.13535	1.13542	360	0	0
2021.11.19	05:30:00	1.13543	1.13564	1.13520	1.13552	357	0	0
2021.11.19	06:00:00	1.13552	1.13563	1.13538	1.13557	321	0	0
2021.11.19	06:30:00	1.13557	1.13568	1.13519	1.13521	341	0	0
2021.11.19	07:00:00	1.13520	1.13574	1.13519	1.13572	353	0	0
2021.11.19	07:30:00	1.13573	1.13581	1.13527	1.13527	364	0	0
2021.11.19	08:00:00	1.13527	1.13543	1.13512	1.13532	436	0	0
2021.11.19	08:30:00	1.13532	1.13606	1.13532	1.13586	443	0	0
2021.11.19	09:00:00	1.13585	1.13585	1.13531	1.13569	674	0	0
2021.11.19	09:30:00	1.13570	1.13574	1.13436	1.13437	733	0	0
2021.11.19	10:00:00	1.13439	1.13451	1.13328	1.13361	1019	0	0
2021.11.19	10:30:00	1.13357	1.13382	1.13231	1.13234	1009	0	0
2021.11.19	11:00:00	1.13237	1.13237	1.12992	1.13099	1234	0	0
2021.11.19	11:30:00	1.13097	1.13132	1.12829	1.12993	1730	0	0
2021.11.19	12:00:00	1.12995	1.13020	1.12840	1.12978	1488	0	0
2021.11.19	12:30:00	1.12979	1.13049	1.12961	1.13007	1297	0	0
2021.11.19	13:00:00	1.13007	1.13028	1.12845	1.12959	1063	0	0
2021.11.19	13:30:00	1.12956	1.12990	1.12858	1.12898	1134	0	0
2021.11.19	14:00:00	1.12900	1.12974	1.12885	1.12914	970	0	0
2021.11.19	14:30:00	1.12914	1.12919	1.12527	1.12574	1189	0	0
2021.11.19	15:00:00	1.12569	1.12863	1.12500	1.12849	1457	0	0
2021.11.19	15:30:00	1.12850	1.12941	1.12834	1.12878	1314	0	0
2021.11.19	16:00:00	1.12879	1.13208	1.12876	1.13141	1487	0	0
2021.11.19	16:30:00	1.13145	1.13164	1.13026	1.13073	1460	0	0
2021.11.19	17:00:00	1.13071	1.13124	1.13002	1.13079	1295	0	0
2021.11.19	17:30:00	1.13079	1.13213	1.13079	1.13178	1449	0	0
2021.11.19	18:00:00	1.13178	1.13221	1.13148	1.13178	987	0	0
2021.11.19	18:30:00	1.13176	1.13200	1.13127	1.13180	974	0	0
2021.11.19	19:00:00	1.13176	1.13195	1.13145	1.13160	763	0	0
2021.11.19	19:30:00	1.13161	1.13179	1.12925	1.12983	1215	0	0
2021.11.19	20:00:00	1.12982	1.13026	1.12922	1.12924	1000	0	0
2021.11.19	20:30:00	1.12914	1.12959	1.12866	1.12869	857	0	0
2021.11.19	21:00:00	1.12868	1.12919	1.12855	1.12901	746	0	0
2021.11.19	21:30:00	1.12891	1.12922	1.12885	1.12895	641	0	0
2021.11.19	22:00:00	1.12891	1.12900	1.12861	1.12888	654	0	0
2021.11.19	22:30:00	1.12887	1.12919	1.12876	1.12885	587	0	0
2021.11.19	23:00:00	1.12881	1.12898	1.12843	1.12845	382	0	0
2021.11.19	23:30:00	1.12845	1.12851	1.12801	1.12811	455	0	0
2021.11.22	00:00:00	1.12850	1.12890	1.12845	1.12859	50	0	30
2021.11.22	00:30:00	1.12859	1.12859	1.12859	1.12859	22	0	5
2021.11.22	01:00:00	1.12814	1.12856	1.12716	1.12730	501	0	0
2021.11.22	01:30:00	1.12729	1.12774	1.12719	1.12753	362	0	0
2021.11.22	02:00:00	1.12753	1.12884	1.12739	1.12879	791	0	0
2021.11.22	02:30:00	1.12881	1.12888	1.12771	1.12806	609	0	0
2021.11.22	03:00:00	1.12810	1.12883	1.12800	1.12860	687	0	0
2021.11.22	03:30:00	1.12858	1.12898	1.12650	1.12725	784	0	0
2021.11.22	04:00:00	1.12726	1.12771	1.12697	1.12759	712	0	0
2021.11.22	04:30:00	1.12758	1.12761	1.12656	1.12715	604	0	0
2021.11.22	05:00:00	1.12717	1.12717	1.12650	1.12656	587	0	0
2021.11.22	05:30:00	1.12656	1.12745	1.12650	1.12708	520	0	0
2021.11.22	06:00:00	1.12708	1.12759	1.12702	1.12754	517	0	0
2021.11.22	06:30:00	1.12756	1.12787	1.12719	1.12782	587	0	0
2021.11.22	07:00:00	1.12782	1.12782	1.12722	1.12728	410	0	0
2021.11.22	07:30:00	1.12728	1.12780	1.12699	1.12777	484	0	0
2021.11.22	08:00:00	1.12774	1.12784	1.12721	1.12733	606	0	0
2021.11.22	08:30:00	1.12732	1.12744	1.12654	1.12662	753	0	0
2021.11.22	09:00:00	1.12669	1.12739	1.12627	1.12686	1020	0	0
2021.11.22	09:30:00	1.12681	1.12721	1.12600	1.12600	949	0	0
2021.11.22	10:00:00	1.12602	1.12783	1.12602	1.12717	1298	0	0
2021.11.22	10:30:00	1.12716	1.12761	1.12649	1.12653	1034	0	0
2021.11.22	11:00:00	1.12649	1.12840	1.12649	1.12822	1056	0	0
2021.11.22	11:30:00	1.12819	1.12878	1.12768	1.12801	925	0	0
2021.11.22	12:00:00	1.12799	1.12874	1.12783	1.12862	840	0	0
2021.11.22	12:30:00	1.12857	1.12904	1.12806	1.12860	937	0	0
2021.11.22	13:00:00	1.12858	1.12881	1.12807	1.12838	829	0	0
2021.11.22	13:30:00	1.12838	1.12838	1.12656	1.12768	999	0	0
2021.11.22	14:00:00	1.12763	1.12801	1.12720	1.12798	1006	0	0
2021.11.22	14:30:00	1.12795	1.12825	1.12748	1.12763	767	0	0
2021.11.22	15:00:00	1.12764	1.12795	1.12731	1.12753	950	0	0
2021.11.22	15:30:00	1.12756	1.12805	1.12737	1.12801	1016	0	0
2021.11.22	16:00:00	1.12800	1.12800	1.12361	1.12434	1670	0	0
2021.11.22	16:30:00	1.12434	1.12665	1.12367	1.12578	1491	0	0
2021.11.22	17:00:00	1.12578	1.12589	1.12426	1.12518	1429	0	0
2021.11.22	17:30:00	1.12516	1.12525	1.12420	1.12466	1302	0	0
2021.11.22	18:00:00	1.12464	1.12642	1.12463	1.12635	1174	0	0
2021.11.22	18:30:00	1.12635	1.12654	1.12577	1.12616	1061	0	0
2021.11.22	19:00:00	1.12615	1.12618	1.12504	1.12516	857	0	0
2021.11.22	19:30:00	1.12516	1.12557	1.12455	1.12480	778	0	0
2021.11.22	20:00:00	1.12484	1.12501	1.12423	1.12447	754	0	0
2021.11.22	20:30:00	1.12447	1.12467	1.12377	1.12400	633	0	0
2021.11.22	21:00:00	1.12403	1.12409	1.12360	1.12376	543	0	0
2021.11.22	21:30:00	1.12380	1.12396	1.12312	1.12319	611	0	0
2021.11.22	22:00:00	1.12315	1.12363	1.12307	1.12351	603	0	0
2021.11.22	22:30:00	1.12345	1.12386	1.12334	1.12365	711	0	0
2021.11.22	23:00:00	1.12366	1.12369	1.12334	1.12355	407	0	0
2021.11.22	23:30:00	1.12355	1.12371	1.12329	1.12332	299	0	0
2021.11.23	00:00:00	1.12332	1.12373	1.12318	1.12368	79	0	9
2021.11.23	00:30:00	1.12368	1.12380	1.12356	1.12362	256	0	10
2021.11.23	01:00:00	1.12362	1.12397	1.12353	1.12395	221	0	1
2021.11.23	01:30:00	1.12394	1.12418	1.12392	1.12417	251	0	0
2021.11.23	02:00:00	1.12417	1.12438	1.12397	1.12438	351	0	0
2021.11.23	02:30:00	1.12437	1.12440	1.12383	1.12406	368	0	0
2021.11.23	03:00:00	1.12407	1.12437	1.12392	1.12428	477	0	0
2021.11.23	03:30:00	1.12425	1.12433	1.12367	1.12375	452	0	0
2021.11.23	04:00:00	1.12375	1.12382	1.12260	1.12311	590	0	0
2021.11.23	04:30:00	1.12311	1.12377	1.12305	1.12362	533	0	0
2021.11.23	05:00:00	1.12362	1.12389	1.12352	1.12384	418	0	0
2021.11.23	05:30:00	1.12384	1.12414	1.12362	1.12372	374	0	0
2021.11.23	06:00:00	1.12371	1.12378	1.12338	1.12349	293	0	0
2021.11.23	06:30:00	1.12349	1.12365	1.12328	1.12359	328	0	0
2021.11.23	07:00:00	1.12359	1.12401	1.12346	1.12389	397	0	0
2021.11.23	07:30:00	1.12389	1.12389	1.12315	1.12342	485	0	0
2021.11.23	08:00:00	1.12342	1.12381	1.12322	1.12346	504	0	0
2021.11.23	08:30:00	1.12347	1.12406	1.12340	1.12406	557	0	0
2021.11.23	09:00:00	1.12406	1.12600	1.12341	1.12554	1086	0	0
2021.11.23	09:30:00	1.12555	1.12639	1.12473	1.12530	1351	0	0
2021.11.23	10:00:00	1.12525	1.12610	1.12392	1.12562	1535	0	0
2021.11.23	10:30:00	1.12576	1.12690	1.12564	1.12672	1411	0	0
2021.11.23	11:00:00	1.12675	1.12750	1.12620	1.12649	1231	0	0
2021.11.23	11:30:00	1.12649	1.12658	1.12559	1.12592	1054	0	0
2021.11.23	12:00:00	1.12593	1.12691	1.12565	1.12618	836	0	0
2021.11.23	12:30:00	1.12625	1.12661	1.12538	1.12541	900	0	0
2021.11.23	13:00:00	1.12541	1.12613	1.12462	1.12463	1055	0	0
2021.11.23	13:30:00	1.12463	1.12522	1.12420	1.12432	953	0	0
2021.11.23	14:00:00	1.12432	1.12505	1.12399	1.12401	1060	0	0
2021.11.23	14:30:00	1.12402	1.12453	1.12343	1.12407	1081	0	0
2021.11.23	15:00:00	1.12406	1.12594	1.12404	1.12579	1245	0	0
2021.11.23	15:30:00	1.12571	1.12577	1.12489	1.12517	1155	0	0
2021.11.23	16:00:00	1.12516	1.12545	1.12464	1.12488	995	0	0
2021.11.23	16:30:00	1.12486	1.12519	1.12401	1.12493	1353	0	0
2021.11.23	17:00:00	1.12493	1.12556	1.12425	1.12469	1374	0	0
2021.11.23	17:30:00	1.12468	1.12650	1.12462	1.12641	1293	0	0
2021.11.23	18:00:00	1.12641	1.12712	1.12607	1.12669	1187	0	0
2021.11.23	18:30:00	1.12669	1.12699	1.12622	1.12636	1091	0	0
2021.11.23	19:00:00	1.12636	1.12666	1.12606	1.12648	885	0	0
2021.11.23	19:30:00	1.12648	1.12648	1.12537	1.12540	800	0	0
2021.11.23	20:00:00	1.12540	1.12550	1.12475	1.12484	930	0	0
2021.11.23	20:30:00	1.12487	1.12512	1.12465	1.12487	649	0	0
2021.11.23	21:00:00	1.12487	1.12519	1.12480	1.12486	525	0	0
2021.11.23	21:30:00	1.12484	1.12504	1.12461	1.12500	591	0	0
2021.11.23	22:00:00	1.12507	1.12534	1.12488	1.12500	655	0	0
2021.11.23	22:30:00	1.12499	1.12518	1.12483	1.12500	602	0	0
2021.11.23	23:00:00	1.12498	1.12513	1.12479	1.12485	391	0	0
2021.11.23	23:30:00	1.12482	1.12514	1.12482	1.12485	275	0	0
2021.11.24	00:00:00	1.12485	1.12509	1.12448	1.12468	162	0	0
2021.11.24	00:30:00	1.12471	1.12492	1.12469	1.12487	205	0	5
2021.11.24	01:00:00	1.12486	1.12493	1.12454	1.12482	295	0	0
2021.11.24	01:30:00	1.12482	1.12487	1.12421	1.12445	370	0	0
2021.11.24	02:00:00	1.12445	1.12470	1.12432	1.12438	388	0	0
2021.11.24	02:30:00	1.12439	1.12442	1.12408	1.12421	390	0	0
2021.11.24	03:00:00	1.12422	1.12457	1.12388	1.12397	738	0	0
2021.11.24	03:30:00	1.12398	1.12432	1.12390	1.12396	587	0	0
2021.11.24	04:00:00	1.12395	1.12401	1.12352	1.12389	559	0	0
2021.11.24	04:30:00	1.12388	1.12419	1.12356	1.12377	604	0	0
2021.11.24	05:00:00	1.12376	1.12401	1.12352	1.12356	592	0	0
2021.11.24	05:30:00	1.12357	1.12386	1.12325	1.12354	459	0	0
2021.11.24	06:00:00	1.12354	1.12395	1.12332	1.12386	564	0	0
2021.11.24	06:30:00	1.12383	1.12431	1.12375	1.12428	463	0	0
2021.11.24	07:00:00	1.12428	1.12450	1.12418	1.12433	476	0	0
2021.11.24	07:30:00	1.12433	1.12451	1.12371	1.12390	539	0	0
2021.11.24	08:00:00	1.12393	1.12463	1.12393	1.12428	677	0	0
2021.11.24	08:30:00	1.12426	1.12470	1.12393	1.12470	532	0	0
2021.11.24	09:00:00	1.12471	1.12473	1.12443	1.12462	687	0	0
2021.11.24	09:30:00	1.12455	1.12470	1.12403	1.12457	844	0	0
2021.11.24	10:00:00	1.12457	1.12552	1.12352	1.12407	1220	0	0
2021.11.24	10:30:00	1.12407	1.12420	1.12203	1.12217	1049	0	0
2021.11.24	11:00:00	1.12218	1.12358	1.12201	1.12329	1093	0	0
2021.11.24	11:30:00	1.12330	1.12344	1.12055	1.12081	1193	0	0
2021.11.24	12:00:00	1.12080	1.12174	1.12036	1.12158	1130	0	0
2021.11.24	12:30:00	1.12158	1.12195	1.12086	1.12086	937	0	0
2021.11.24	13:00:00	1.12089	1.12157	1.12083	1.12145	824	0	0
2021.11.24	13:30:00	1.12142	1.12200	1.12126	1.12177	894	0	0
2021.11.24	14:00:00	1.12171	1.12195	1.12059	1.12134	925	0	0
2021.11.24	14:30:00	1.12132	1.12148	1.12074	1.12075	935	0	0
2021.11.24	15:00:00	1.12073	1.12076	1.12003	1.12053	1181	0	0
2021.11.24	15:30:00	1.12053	1.12145	1.11923	1.12068	1505	0	0
2021.11.24	16:00:00	1.12068	1.12118	1.11861	1.11920	1584	0	0
2021.11.24	16:30:00	1.11919	1.12159	1.11915	1.12037	1620	0	0
2021.11.24	17:00:00	1.12031	1.12131	1.11917	1.11935	1455	0	0
2021.11.24	17:30:00	1.11935	1.12059	1.11916	1.11965	1452	0	0
2021.11.24	18:00:00	1.11963	1.11982	1.11876	1.11960	1130	0	0
2021.11.24	18:30:00	1.11962	1.11990	1.11925	1.11955	1009	0	0
2021.11.24	19:00:00	1.11953	1.11966	1.11901	1.11907	760	0	0
2021.11.24	19:30:00	1.11906	1.11961	1.11904	1.11957	633	0	0
2021.11.24	20:00:00	1.11958	1.11976	1.11926	1.11953	600	0	0
2021.11.24	20:30:00	1.11953	1.11954	1.11918	1.11925	493	0	0
2021.11.24	21:00:00	1.11925	1.11989	1.11886	1.11945	970	0	0
2021.11.24	21:30:00	1.11945	1.12035	1.11937	1.11986	785	0	0
2021.11.24	22:00:00	1.11986	1.12042	1.11977	1.12030	578	0	0
2021.11.24	22:30:00	1.12028	1.12053	1.12014	1.12051	588	0	0
2021.11.24	23:00:00	1.12052	1.12056	1.12000	1.12007	327	0	0
2021.11.24	23:30:00	1.12007	1.12011	1.11982	1.11999	300	0	0
2021.11.25	00:00:00	1.11999	1.11999	1.11940	1.11986	69	0	48
2021.11.25	00:30:00	1.11988	1.12000	1.11985	1.11999	103	0	30
2021.11.25	01:00:00	1.11997	1.12021	1.11996	1.12020	162	0	1
2021.11.25	01:30:00	1.12021	1.12043	1.12018	1.12025	315	0	0
2021.11.25	02:00:00	1.12029	1.12094	1.12029	1.12080	441	0	0
2021.11.25	02:30:00	1.12080	1.12113	1.12079	1.12104	360	0	0
2021.11.25	03:00:00	1.12103	1.12125	1.12060	1.12123	528	0	0
2021.11.25	03:30:00	1.12123	1.12124	1.12058	1.12071	479	0	0
2021.11.25	04:00:00	1.12071	1.12118	1.12065	1.12112	422	0	0
2021.11.25	04:30:00	1.12112	1.12139	1.12078	1.12126	393	0	0
2021.11.25	05:00:00	1.12126	1.12182	1.12119	1.12172	407	0	0
2021.11.25	05:30:00	1.12172	1.12172	1.12138	1.12139	299	0	0
2021.11.25	06:00:00	1.12138	1.12150	1.12125	1.12131	215	0	0
2021.11.25	06:30:00	1.12131	1.12157	1.12129	1.12144	217	0	0
2021.11.25	07:00:00	1.12144	1.12160	1.12123	1.12125	265	0	0
2021.11.25	07:30:00	1.12123	1.12143	1.12099	1.12127	340	0	0
2021.11.25	08:00:00	1.12126	1.12161	1.12121	1.12131	356	0	0
2021.11.25	08:30:00	1.12132	1.12159	1.12125	1.12140	324	0	0
2021.11.25	09:00:00	1.12134	1.12188	1.12128	1.12151	619	0	0
2021.11.25	09:30:00	1.12150	1.12202	1.12139	1.12156	589	0	0
2021.11.25	10:00:00	1.12156	1.12216	1.12145	1.12199	790	0	0
2021.11.25	10:30:00	1.12201	1.12264	1.12187	1.12254	822	0	0
2021.11.25	11:00:00	1.12253	1.12261	1.12163	1.12201	819	0	0
2021.11.25	11:30:00	1.12200	1.12253	1.12185	1.12229	661	0	0
2021.11.25	12:00:00	1.12224	1.12292	1.12195	1.12206	694	0	0
2021.11.25	12:30:00	1.12210	1.12231	1.12181	1.12224	479	0	0
2021.11.25	13:00:00	1.12224	1.12236	1.12169	1.12211	640	0	0
2021.11.25	13:30:00	1.12211	1.12246	1.12173	1.12191	552	0	0
2021.11.25	14:00:00	1.12190	1.12247	1.12173	1.12246	504	0	0
2021.11.25	14:30:00	1.12247	1.12297	1.12149	1.12158	681	0	0
2021.11.25	15:00:00	1.12164	1.12267	1.12164	1.12263	634	0	0
2021.11.25	15:30:00	1.12262	1.12266	1.12153	1.12190	577	0	0
2021.11.25	16:00:00	1.12189	1.12222	1.12163	1.12176	508	0	0
2021.11.25	16:30:00	1.12176	1.12187	1.12131	1.12173	616	0	0
2021.11.25	17:00:00	1.12172	1.12173	1.12101	1.12104	573	0	0
2021.11.25	17:30:00	1.12104	1.12142	1.12075	1.12098	595	0	0
2021.11.25	18:00:00	1.12097	1.12152	1.12085	1.12147	442	0	0
2021.11.25	18:30:00	1.12147	1.12152	1.12116	1.12120	404	0	0
2021.11.25	19:00:00	1.12120	1.12125	1.12060	1.12065	381	0	0
2021.11.25	19:30:00	1.12065	1.12109	1.12062	1.12092	325	0	0
2021.11.25	20:00:00	1.12093	1.12118	1.12054	1.12057	755	0	2
2021.11.25	20:30:00	1.12055	1.12089	1.12049	1.12069	329	0	6
2021.11.25	21:00:00	1.12069	1.12093	1.12069	1.12069	331	0	2
2021.11.25	21:30:00	1.12069	1.12095	1.12069	1.12093	1036	0	1
2021.11.25	22:00:00	1.12094	1.12097	1.12071	1.12075	158	0	0
2021.11.25	22:30:00	1.12075	1.12086	1.12067	1.12076	350	0	3
2021.11.25	23:00:00	1.12077	1.12080	1.12056	1.12061	376	0	6
2021.11.25	23:30:00	1.12062	1.12086	1.12050	1.12059	244	0	10
2021.11.26	00:00:00	1.12059	1.12093	1.12048	1.12091	175	0	13
2021.11.26	00:30:00	1.12088	1.12089	1.12050	1.12050	185	0	5
2021.11.26	01:00:00	1.12055	1.12115	1.12050	1.12109	291	0	0
2021.11.26	01:30:00	1.12107	1.12126	1.12072	1.12091	318	0	0
2021.11.26	02:00:00	1.12090	1.12156	1.12067	1.12126	823	0	0
2021.11.26	02:30:00	1.12126	1.12246	1.12124	1.12178	777	0	0
2021.11.26	03:00:00	1.12179	1.12246	1.12142	1.12195	869	0	0
2021.11.26	03:30:00	1.12196	1.12200	1.12153	1.12179	733	0	0
2021.11.26	04:00:00	1.12176	1.12181	1.12123	1.12140	645	0	0
2021.11.26	04:30:00	1.12142	1.12246	1.12141	1.12237	715	0	0
2021.11.26	05:00:00	1.12237	1.12270	1.12204	1.12225	639	0	0
2021.11.26	05:30:00	1.12225	1.12230	1.12173	1.12189	584	0	0
2021.11.26	06:00:00	1.12197	1.12240	1.12175	1.12201	490	0	0
2021.11.26	06:30:00	1.12203	1.12233	1.12196	1.12210	474	0	0
2021.11.26	07:00:00	1.12208	1.12243	1.12208	1.12240	431	0	0
2021.11.26	07:30:00	1.12240	1.12278	1.12224	1.12240	575	0	0
2021.11.26	08:00:00	1.12240	1.12262	1.12207	1.12223	630	0	0
2021.11.26	08:30:00	1.12222	1.12326	1.12210	1.12315	823	0	0
2021.11.26	09:00:00	1.12314	1.12444	1.12276	1.12353	1287	0	0
2021.11.26	09:30:00	1.12355	1.12438	1.12288	1.12339	1378	0	0
2021.11.26	10:00:00	1.12336	1.12716	1.12300	1.12695	1661	0	0
2021.11.26	10:30:00	1.12694	1.12789	1.12420	1.12479	1651	0	0
2021.11.26	11:00:00	1.12480	1.12747	1.12471	1.12705	1458	0	0
2021.11.26	11:30:00	1.12696	1.12698	1.12534	1.12647	1397	0	0
2021.11.26	12:00:00	1.12645	1.12711	1.12580	1.12698	1272	0	0
2021.11.26	12:30:00	1.12693	1.12847	1.12692	1.12844	1325	0	0
2021.11.26	13:00:00	1.12842	1.12898	1.12813	1.12871	1232	0	0
2021.11.26	13:30:00	1.12869	1.12952	1.12764	1.12778	1168	0	0
2021.11.26	14:00:00	1.12778	1.12870	1.12739	1.12788	1121	0	0
2021.11.26	14:30:00	1.12787	1.12954	1.12770	1.12917	1062	0	0
2021.11.26	15:00:00	1.12911	1.12934	1.12783	1.12803	1295	0	0
2021.11.26	15:30:00	1.12804	1.12969	1.12804	1.12929	1202	0	0
2021.11.26	16:00:00	1.12929	1.12954	1.12828	1.12883	1259	0	0
2021.11.26	16:30:00	1.12883	1.12946	1.12842	1.12935	1611	0	0
2021.11.26	17:00:00	1.12936	1.13047	1.12892	1.13025	1560	0	0
2021.11.26	17:30:00	1.13028	1.13210	1.12974	1.13164	1452	0	0
2021.11.26	18:00:00	1.13167	1.13209	1.13108	1.13127	1360	0	0
2021.11.26	18:30:00	1.13122	1.13148	1.13003	1.13012	1303	0	0
2021.11.26	19:00:00	1.13027	1.13055	1.12929	1.12932	967	0	0
2021.11.26	19:30:00	1.12929	1.13059	1.12907	1.13033	863	0	0
2021.11.26	20:00:00	1.13033	1.13112	1.12993	1.13099	1059	0	0
2021.11.26	20:30:00	1.13099	1.13110	1.13076	1.13088	455	0	0
2021.11.26	21:00:00	1.13088	1.13163	1.13088	1.13120	413	0	0
2021.11.26	21:30:00	1.13120	1.13219	1.13114	1.13139	411	0	2
2021.11.26	22:00:00	1.13136	1.13192	1.13119	1.13190	367	0	12
2021.11.26	22:30:00	1.13190	1.13236	1.13185	1.13235	259	0	7
2021.11.26	23:00:00	1.13235	1.13289	1.13205	1.13253	387	0	4
2021.11.26	23:30:00	1.13248	1.13289	1.13069	1.13111	279	0	36
2021.11.29	00:00:00	1.12979	1.13114	1.12929	1.13112	177	0	0
2021.11.29	00:30:00	1.13112	1.13112	1.12973	1.12998	318	0	0
2021.11.29	01:00:00	1.12994	1.13001	1.12804	1.12890	845	0	0
2021.11.29	01:30:00	1.12890	1.12929	1.12876	1.12924	604	0	0
2021.11.29	02:00:00	1.12921	1.12971	1.12866	1.12899	991	0	0
2021.11.29	02:30:00	1.12900	1.12948	1.12871	1.12894	800	0	0
2021.11.29	03:00:00	1.12893	1.12901	1.12839	1.12877	756	0	0
2021.11.29	03:30:00	1.12877	1.12890	1.12827	1.12841	765	0	0
2021.11.29	04:00:00	1.12838	1.12839	1.12778	1.12797	775	0	0
2021.11.29	04:30:00	1.12797	1.12829	1.12769	1.12828	565	0	0
2021.11.29	05:00:00	1.12828	1.12850	1.12787	1.12819	603	0	0
2021.11.29	05:30:00	1.12817	1.12821	1.12781	1.12812	572	0	0
2021.11.29	06:00:00	1.12811	1.12811	1.12769	1.12771	525	0	0
2021.11.29	06:30:00	1.12773	1.12790	1.12730	1.12730	585	0	0
2021.11.29	07:00:00	1.12728	1.12822	1.12726	1.12818	626	0	0
2021.11.29	07:30:00	1.12816	1.12833	1.12767	1.12778	759	0	0
2021.11.29	08:00:00	1.12778	1.12848	1.12778	1.12806	914	0	0
2021.11.29	08:30:00	1.12806	1.12848	1.12714	1.12714	827	0	0
2021.11.29	09:00:00	1.12721	1.12721	1.12633	1.12685	1162	0	0
2021.11.29	09:30:00	1.12684	1.12707	1.12615	1.12637	1016	0	0
2021.11.29	10:00:00	1.12641	1.12699	1.12602	1.12679	1252	0	0
2021.11.29	10:30:00	1.12677	1.12764	1.12674	1.12764	1160	0	0
2021.11.29	11:00:00	1.12763	1.12902	1.12752	1.12850	1230	0	0
2021.11.29	11:30:00	1.12848	1.12904	1.12785	1.12861	1056	0	0
2021.11.29	12:00:00	1.12861	1.12911	1.12838	1.12909	889	0	0
2021.11.29	12:30:00	1.12909	1.12938	1.12816	1.12849	829	0	0
2021.11.29	13:00:00	1.12849	1.12921	1.12849	1.12914	749	0	0
2021.11.29	13:30:00	1.12915	1.12948	1.12900	1.12921	745	0	0
2021.11.29	14:00:00	1.12922	1.12940	1.12861	1.12861	890	0	0
2021.11.29	14:30:00	1.12861	1.12888	1.12787	1.12794	883	0	0
2021.11.29	15:00:00	1.12796	1.12830	1.12747	1.12781	1121	0	0
2021.11.29	15:30:00	1.12781	1.12843	1.12616	1.12623	1142	0	0
2021.11.29	16:00:00	1.12624	1.12718	1.12587	1.12697	1164	0	0
2021.11.29	16:30:00	1.12699	1.12752	1.12585	1.12611	1392	0	0
2021.11.29	17:00:00	1.12608	1.12756	1.12598	1.12651	1294	0	0
2021.11.29	17:30:00	1.12650	1.12707	1.12603	1.12662	1193	0	0
2021.11.29	18:00:00	1.12662	1.12715	1.12660	1.12685	1014	0	0
2021.11.29	18:30:00	1.12687	1.12714	1.12586	1.12622	938	0	0
2021.11.29	19:00:00	1.12616	1.12672	1.12586	1.12657	711	0	0
2021.11.29	19:30:00	1.12657	1.12701	1.12643	1.12679	661	0	0
2021.11.29	20:00:00	1.12680	1.12754	1.12679	1.12744	630	0	0
2021.11.29	20:30:00	1.12743	1.12748	1.12675	1.12677	545	0	0
2021.11.29	21:00:00	1.12675	1.12703	1.12655	1.12692	528	0	0
2021.11.29	21:30:00	1.12693	1.12755	1.12691	1.12734	619	0	0
2021.11.29	22:00:00	1.12735	1.12820	1.12735	1.12807	640	0	0
2021.11.29	22:30:00	1.12804	1.12812	1.12769	1.12792	539	0	0
2021.11.29	23:00:00	1.12791	1.12833	1.12788	1.12821	343	0	0
2021.11.29	23:30:00	1.12818	1.12927	1.12818	1.12918	538	0	0
2021.11.30	00:00:00	1.12918	1.12918	1.12823	1.12889	177	0	9
2021.11.30	00:30:00	1.12891	1.12904	1.12885	1.12893	184	0	4
2021.11.30	01:00:00	1.12895	1.13005	1.12889	1.12988	402	0	0
2021.11.30	01:30:00	1.12988	1.12999	1.12926	1.12926	444	0	0
2021.11.30	02:00:00	1.12927	1.12939	1.12867	1.12877	565	0	0
2021.11.30	02:30:00	1.12877	1.12927	1.12847	1.12896	524	0	0
2021.11.30	03:00:00	1.12894	1.12922	1.12873	1.12911	534	0	0
2021.11.30	03:30:00	1.12911	1.12962	1.12910	1.12942	438	0	0
2021.11.30	04:00:00	1.12941	1.13012	1.12926	1.13012	547	0	0
2021.11.30	04:30:00	1.13010	1.13048	1.13003	1.13041	508	0	0
2021.11.30	05:00:00	1.13041	1.13046	1.12993	1.13016	426	0	0
2021.11.30	05:30:00	1.13016	1.13046	1.12988	1.12988	369	0	0
2021.11.30	06:00:00	1.12988	1.12998	1.12953	1.12959	370	0	0
2021.11.30	06:30:00	1.12959	1.12982	1.12956	1.12962	383	0	0
2021.11.30	07:00:00	1.12962	1.13131	1.12955	1.13104	1047	0	0
2021.11.30	07:30:00	1.13105	1.13129	1.13084	1.13113	1019	0	0
2021.11.30	08:00:00	1.13115	1.13161	1.13074	1.13116	1082	0	0
2021.11.30	08:30:00	1.13118	1.13272	1.13116	1.13230	1063	0	0
2021.11.30	09:00:00	1.13228	1.13239	1.13121	1.13158	1278	0	0
2021.11.30	09:30:00	1.13159	1.13322	1.13140	1.13286	1220	0	0
2021.11.30	10:00:00	1.13287	1.13411	1.13285	1.13367	1325	0	0
2021.11.30	10:30:00	1.13367	1.13511	1.13333	1.13486	1321	0	0
2021.11.30	11:00:00	1.13485	1.13663	1.13484	1.13630	1242	0	0
2021.11.30	11:30:00	1.13630	1.13664	1.13578	1.13634	1213	0	0
2021.11.30	12:00:00	1.13641	1.13665	1.13571	1.13584	1078	0	0
2021.11.30	12:30:00	1.13586	1.13728	1.13579	1.13622	1116	0	0
2021.11.30	13:00:00	1.13621	1.13638	1.13557	1.13559	935	0	0
2021.11.30	13:30:00	1.13557	1.13570	1.13442	1.13477	925	0	0
2021.11.30	14:00:00	1.13477	1.13498	1.13415	1.13467	903	0	0
2021.11.30	14:30:00	1.13465	1.13568	1.13458	1.13545	1066	0	0
2021.11.30	15:00:00	1.13545	1.13654	1.13538	1.13627	1106	0	0
2021.11.30	15:30:00	1.13627	1.13708	1.13623	1.13659	1154	0	0
2021.11.30	16:00:00	1.13659	1.13716	1.13618	1.13671	1107	0	0
2021.11.30	16:30:00	1.13671	1.13827	1.13646	1.13783	1441	0	0
2021.11.30	17:00:00	1.13778	1.13828	1.13636	1.13741	1486	0	0
2021.11.30	17:30:00	1.13742	1.13751	1.12499	1.12594	2054	0	0
2021.11.30	18:00:00	1.12596	1.12813	1.12355	1.12791	2022	0	0
2021.11.30	18:30:00	1.12781	1.12897	1.12689	1.12875	1749	0	0
2021.11.30	19:00:00	1.12876	1.12966	1.12795	1.12949	1480	0	0
2021.11.30	19:30:00	1.12947	1.13182	1.12938	1.13110	1293	0	0
2021.11.30	20:00:00	1.13117	1.13199	1.13106	1.13189	1181	0	0
2021.11.30	20:30:00	1.13189	1.13195	1.13100	1.13102	1038	0	0
2021.11.30	21:00:00	1.13102	1.13150	1.13078	1.13123	937	0	0
2021.11.30	21:30:00	1.13122	1.13247	1.13116	1.13247	1013	0	0
2021.11.30	22:00:00	1.13245	1.13328	1.13189	1.13298	956	0	0
2021.11.30	22:30:00	1.13299	1.13420	1.13295	1.13417	885	0	0
2021.11.30	23:00:00	1.13416	1.13454	1.13365	1.13365	551	0	0
2021.11.30	23:30:00	1.13364	1.13404	1.13345	1.13372	382	0	0
2021.12.01	00:00:00	1.13372	1.13398	1.13306	1.13383	174	0	14
2021.12.01	00:30:00	1.13383	1.13400	1.13362	1.13384	207	0	2
2021.12.01	01:00:00	1.13372	1.13425	1.13359	1.13362	450	0	0
2021.12.01	01:30:00	1.13362	1.13401	1.13295	1.13301	564	0	0
2021.12.01	02:00:00	1.13299	1.13362	1.13286	1.13336	708	0	0
2021.12.01	02:30:00	1.13345	1.13350	1.13281	1.13317	691	0	0
2021.12.01	03:00:00	1.13311	1.13331	1.13184	1.13189	837	0	0
2021.12.01	03:30:00	1.13189	1.13282	1.13187	1.13202	804	0	0
2021.12.01	04:00:00	1.13199	1.13238	1.13190	1.13198	666	0	0
2021.12.01	04:30:00	1.13200	1.13231	1.13163	1.13216	670	0	0
2021.12.01	05:00:00	1.13216	1.13290	1.13216	1.13270	599	0	0
2021.12.01	05:30:00	1.13271	1.13315	1.13270	1.13280	534	0	0
2021.12.01	06:00:00	1.13280	1.13318	1.13258	1.13300	435	0	0
2021.12.01	06:30:00	1.13300	1.13318	1.13284	1.13317	590	0	0
2021.12.01	07:00:00	1.13321	1.13349	1.13303	1.13306	501	0	0
2021.12.01	07:30:00	1.13306	1.13369	1.13287	1.13367	572	0	0
2021.12.01	08:00:00	1.13370	1.13371	1.13312	1.13347	795	0	0
2021.12.01	08:30:00	1.13351	1.13372	1.13297	1.13321	700	0	0
2021.12.01	09:00:00	1.13321	1.13375	1.13219	1.13276	1002	0	0
2021.12.01	09:30:00	1.13275	1.13438	1.13172	1.13403	1114	0	0
2021.12.01	10:00:00	1.13403	1.13596	1.13206	1.13217	1489	0	0
2021.12.01	10:30:00	1.13217	1.13229	1.13025	1.13085	1428	0	0
2021.12.01	11:00:00	1.13077	1.13321	1.13077	1.13307	1276	0	0
2021.12.01	11:30:00	1.13303	1.13311	1.13224	1.13254	1074	0	0
2021.12.01	12:00:00	1.13253	1.13395	1.13239	1.13254	1074	0	0
2021.12.01	12:30:00	1.13254	1.13282	1.13189	1.13261	844	0	0
2021.12.01	13:00:00	1.13264	1.13343	1.13263	1.13301	816	0	0
2021.12.01	13:30:00	1.13305	1.13305	1.13196	1.13210	710	0	0
2021.12.01	14:00:00	1.13212	1.13254	1.13154	1.13197	882	0	0
2021.12.01	14:30:00	1.13203	1.13249	1.13129	1.13130	950	0	0
2021.12.01	15:00:00	1.13139	1.13295	1.13108	1.13282	1144	0	0
2021.12.01	15:30:00	1.13284	1.13406	1.13270	1.13371	1104	0	0
2021.12.01	16:00:00	1.13374	1.13458	1.13347	1.13431	1158	0	0
2021.12.01	16:30:00	1.13435	1.13558	1.13405	1.13527	1287	0	0
2021.12.01	17:00:00	1.13528	1.13577	1.13367	1.13445	1471	0	0
2021.12.01	17:30:00	1.13442	1.13512	1.13336	1.13346	1491	0	0
2021.12.01	18:00:00	1.13347	1.13354	1.13231	1.13300	1324	0	0
2021.12.01	18:30:00	1.13300	1.13330	1.13195	1.13237	1137	0	0
2021.12.01	19:00:00	1.13236	1.13241	1.13153	1.13236	930	0	0
2021.12.01	19:30:00	1.13237	1.13285	1.13168	1.13235	861	0	0
2021.12.01	20:00:00	1.13233	1.13265	1.13215	1.13234	814	0	0
2021.12.01	20:30:00	1.13235	1.13282	1.13182	1.13281	951	0	0
2021.12.01	21:00:00	1.13278	1.13299	1.13162	1.13172	863	0	0
2021.12.01	21:30:00	1.13172	1.13235	1.13170	1.13175	822	0	0
2021.12.01	22:00:00	1.13177	1.13183	1.13108	1.13134	934	0	0
2021.12.01	22:30:00	1.13134	1.13157	1.13091	1.13111	805	0	0
2021.12.01	23:00:00	1.13109	1.13183	1.13108	1.13172	483	0	0
2021.12.01	23:30:00	1.13172	1.13206	1.13170	1.13192	364	0	0
2021.12.02	00:00:00	1.13192	1.13192	1.13113	1.13179	122	0	25
2021.12.02	00:30:00	1.13179	1.13217	1.13167	1.13167	152	0	6
2021.12.02	01:00:00	1.13170	1.13207	1.13167	1.13179	243	0	1
2021.12.02	01:30:00	1.13179	1.13208	1.13178	1.13192	286	0	0
2021.12.02	02:00:00	1.13193	1.13201	1.13163	1.13174	315	0	0
2021.12.02	02:30:00	1.13174	1.13190	1.13150	1.13158	442	0	0
2021.12.02	03:00:00	1.13160	1.13247	1.13160	1.13233	556	0	0
2021.12.02	03:30:00	1.13234	1.13283	1.13217	1.13281	574	0	0
2021.12.02	04:00:00	1.13280	1.13379	1.13266	1.13378	623	0	0
2021.12.02	04:30:00	1.13373	1.13393	1.13322	1.13334	534	0	0
2021.12.02	05:00:00	1.13331	1.13352	1.13322	1.13322	312	0	0
2021.12.02	05:30:00	1.13321	1.13324	1.13306	1.13307	311	0	0
2021.12.02	06:00:00	1.13310	1.13336	1.13247	1.13253	389	0	0
2021.12.02	06:30:00	1.13255	1.13267	1.13225	1.13225	360	0	0
2021.12.02	07:00:00	1.13227	1.13228	1.13179	1.13181	318	0	0
2021.12.02	07:30:00	1.13181	1.13199	1.13167	1.13186	363	0	0
2021.12.02	08:00:00	1.13183	1.13246	1.13182	1.13244	424	0	0
2021.12.02	08:30:00	1.13244	1.13264	1.13215	1.13218	476	0	0
2021.12.02	09:00:00	1.13214	1.13230	1.13134	1.13175	929	0	0
2021.12.02	09:30:00	1.13175	1.13229	1.13073	1.13101	928	0	0
2021.12.02	10:00:00	1.13101	1.13197	1.13101	1.13135	1091	0	0
2021.12.02	10:30:00	1.13141	1.13276	1.13130	1.13249	884	0	0
2021.12.02	11:00:00	1.13250	1.13251	1.13131	1.13188	1004	0	0
2021.12.02	11:30:00	1.13189	1.13258	1.13147	1.13244	957	0	0
2021.12.02	12:00:00	1.13243	1.13330	1.13228	1.13265	1074	0	0
2021.12.02	12:30:00	1.13265	1.13344	1.13247	1.13323	967	0	0
2021.12.02	13:00:00	1.13323	1.13389	1.13321	1.13371	798	0	0
2021.12.02	13:30:00	1.13372	1.13440	1.13365	1.13400	848	0	0
2021.12.02	14:00:00	1.13400	1.13446	1.13334	1.13433	951	0	0
2021.12.02	14:30:00	1.13433	1.13477	1.13399	1.13424	1101	0	0
2021.12.02	15:00:00	1.13432	1.13475	1.13360	1.13361	1163	0	0
2021.12.02	15:30:00	1.13357	1.13382	1.13283	1.13339	1165	0	0
2021.12.02	16:00:00	1.13341	1.13430	1.13315	1.13409	1210	0	0
2021.12.02	16:30:00	1.13399	1.13472	1.13365	1.13376	1442	0	0
2021.12.02	17:00:00	1.13378	1.13392	1.13243	1.13271	1263	0	0
2021.12.02	17:30:00	1.13267	1.13286	1.13131	1.13179	1352	0	0
2021.12.02	18:00:00	1.13178	1.13194	1.13053	1.13129	1192	0	0
2021.12.02	18:30:00	1.13136	1.13206	1.13078	1.13080	1206	0	0
2021.12.02	19:00:00	1.13080	1.13101	1.12963	1.12967	1136	0	0
2021.12.02	19:30:00	1.12969	1.13047	1.12959	1.13027	938	0	0
2021.12.02	20:00:00	1.13025	1.13029	1.12959	1.13017	881	0	0
2021.12.02	20:30:00	1.13023	1.13041	1.13014	1.13039	706	0	0
2021.12.02	21:00:00	1.13039	1.13082	1.13029	1.13040	534	0	0
2021.12.02	21:30:00	1.13040	1.13040	1.12953	1.12967	534	0	0
2021.12.02	22:00:00	1.12968	1.13021	1.12966	1.13020	622	0	0
2021.12.02	22:30:00	1.13019	1.13048	1.12982	1.12983	612	0	0
2021.12.02	23:00:00	1.12987	1.13013	1.12977	1.13003	343	0	0
2021.12.02	23:30:00	1.13003	1.13017	1.12998	1.13011	230	0	0
2021.12.03	00:00:00	1.13011	1.13011	1.12998	1.13006	61	0	13
2021.12.03	00:30:00	1.13006	1.13014	1.13003	1.13007	110	0	10
2021.12.03	01:00:00	1.13008	1.13038	1.12974	1.13018	395	0	0
2021.12.03	01:30:00	1.13019	1.13066	1.13019	1.13056	386	0	0
2021.12.03	02:00:00	1.13056	1.13073	1.13035	1.13050	443	0	0
2021.12.03	02:30:00	1.13049	1.13049	1.13006	1.13012	372	0	0
2021.12.03	03:00:00	1.13012	1.13015	1.12907	1.12938	594	0	0
2021.12.03	03:30:00	1.12937	1.13023	1.12934	1.12988	609	0	0
2021.12.03	04:00:00	1.12988	1.12993	1.12945	1.12950	402	0	0
2021.12.03	04:30:00	1.12950	1.12959	1.12928	1.12953	384	0	0
2021.12.03	05:00:00	1.12953	1.13012	1.12953	1.12991	382	0	0
2021.12.03	05:30:00	1.12991	1.12992	1.12930	1.12940	390	0	0
2021.12.03	06:00:00	1.12940	1.12999	1.12930	1.12990	436	0	0
2021.12.03	06:30:00	1.12990	1.12999	1.12957	1.12976	371	0	0
2021.12.03	07:00:00	1.12976	1.12993	1.12966	1.12984	336	0	0
2021.12.03	07:30:00	1.12984	1.13024	1.12973	1.12993	463	0	0
2021.12.03	08:00:00	1.12993	1.12998	1.12957	1.12967	416	0	0
2021.12.03	08:30:00	1.12970	1.12971	1.12824	1.12829	562	0	0
2021.12.03	09:00:00	1.12832	1.12875	1.12816	1.12852	884	0	0
2021.12.03	09:30:00	1.12848	1.12938	1.12841	1.12924	801	0	0
2021.12.03	10:00:00	1.12930	1.12996	1.12905	1.12969	958	0	0
2021.12.03	10:30:00	1.12968	1.12984	1.12851	1.12912	913	0	0
2021.12.03	11:00:00	1.12911	1.12954	1.12872	1.12893	791	0	0
2021.12.03	11:30:00	1.12898	1.12978	1.12856	1.12975	733	0	0
2021.12.03	12:00:00	1.12973	1.13070	1.12949	1.13062	938	0	0
2021.12.03	12:30:00	1.13066	1.13144	1.13040	1.13083	828	0	0
2021.12.03	13:00:00	1.13085	1.13161	1.13081	1.13117	875	0	0
2021.12.03	13:30:00	1.13116	1.13119	1.13014	1.13085	739	0	0
2021.12.03	14:00:00	1.13087	1.13132	1.13061	1.13104	709	0	0
2021.12.03	14:30:00	1.13103	1.13106	1.12944	1.12965	851	0	0
2021.12.03	15:00:00	1.12966	1.12973	1.12882	1.12912	1005	0	0
2021.12.03	15:30:00	1.12902	1.13327	1.12902	1.13100	1814	0	0
2021.12.03	16:00:00	1.13102	1.13109	1.12864	1.12994	1521	0	0
2021.12.03	16:30:00	1.12995	1.13058	1.12843	1.12930	1563	0	0
2021.12.03	17:00:00	1.12869	1.12914	1.12719	1.12721	1440	0	0
2021.12.03	17:30:00	1.12720	1.12820	1.12666	1.12790	1371	0	0
2021.12.03	18:00:00	1.12790	1.12966	1.12766	1.12965	1440	0	0
2021.12.03	18:30:00	1.12970	1.13099	1.12944	1.13088	1297	0	0
2021.12.03	19:00:00	1.13089	1.13108	1.13011	1.13075	971	0	0
2021.12.03	19:30:00	1.13076	1.13145	1.13067	1.13109	795	0	0
2021.12.03	20:00:00	1.13109	1.13173	1.13079	1.13162	729	0	0
2021.12.03	20:30:00	1.13163	1.13273	1.13163	1.13244	823	0	0
2021.12.03	21:00:00	1.13246	1.13265	1.13229	1.13231	642	0	0
2021.12.03	21:30:00	1.13231	1.13240	1.13120	1.13120	736	0	0
2021.12.03	22:00:00	1.13120	1.13150	1.13073	1.13087	846	0	0
2021.12.03	22:30:00	1.13091	1.13095	1.13012	1.13091	772	0	1
2021.12.03	23:00:00	1.13084	1.13109	1.13061	1.13099	388	0	1
2021.12.03	23:30:00	1.13093	1.13104	1.13053	1.13061	344	0	0
2021.12.06	00:00:00	1.13001	1.13072	1.12946	1.13071	68	0	14
2021.12.06	00:30:00	1.13073	1.13082	1.13039	1.13070	101	0	30
2021.12.06	01:00:00	1.13064	1.13103	1.13014	1.13067	501	0	0
2021.12.06	01:30:00	1.13067	1.13085	1.13032	1.13040	317	0	0
2021.12.06	02:00:00	1.13040	1.13040	1.12991	1.13000	530	0	0
2021.12.06	02:30:00	1.13002	1.13003	1.12911	1.12936	536	0	0
2021.12.06	03:00:00	1.12934	1.12951	1.12884	1.12909	597	0	0
2021.12.06	03:30:00	1.12909	1.12954	1.12889	1.12944	531	0	0
2021.12.06	04:00:00	1.12943	1.12965	1.12927	1.12934	415	0	0
2021.12.06	04:30:00	1.12934	1.12958	1.12910	1.12914	416	0	0
2021.12.06	05:00:00	1.12914	1.12928	1.12887	1.12895	353	0	0
2021.12.06	05:30:00	1.12898	1.12932	1.12885	1.12927	329	0	0
2021.12.06	06:00:00	1.12926	1.12934	1.12911	1.12911	274	0	0
2021.12.06	06:30:00	1.12911	1.12928	1.12880	1.12881	393	0	0
2021.12.06	07:00:00	1.12886	1.12890	1.12860	1.12864	449	0	0
2021.12.06	07:30:00	1.12866	1.12881	1.12821	1.12823	504	0	0
2021.12.06	08:00:00	1.12824	1.12866	1.12812	1.12837	480	0	0
2021.12.06	08:30:00	1.12834	1.12857	1.12802	1.12803	527	0	0
2021.12.06	09:00:00	1.12805	1.12846	1.12783	1.12835	737	0	0
2021.12.06	09:30:00	1.12833	1.12884	1.12750	1.12755	843	0	0
2021.12.06	10:00:00	1.12755	1.12904	1.12750	1.12899	907	0	0
2021.12.06	10:30:00	1.12899	1.12932	1.12849	1.12928	791	0	0
2021.12.06	11:00:00	1.12927	1.12939	1.12852	1.12935	917	0	0
2021.12.06	11:30:00	1.12934	1.12997	1.12899	1.12970	834	0	0
2021.12.06	12:00:00	1.12972	1.13100	1.12970	1.13090	779	0	0
2021.12.06	12:30:00	1.13090	1.13091	1.12961	1.12983	600	0	0
2021.12.06	13:00:00	1.12983	1.13031	1.12965	1.12988	638	0	0
2021.12.06	13:30:00	1.12987	1.13023	1.12921	1.12925	822	0	0
2021.12.06	14:00:00	1.12926	1.13019	1.12908	1.13014	723	0	0
2021.12.06	14:30:00	1.13012	1.13012	1.12903	1.12917	726	0	0
2021.12.06	15:00:00	1.12920	1.12929	1.12857	1.12881	904	0	0
2021.12.06	15:30:00	1.12881	1.12979	1.12849	1.12971	844	0	0
2021.12.06	16:00:00	1.12968	1.13079	1.12930	1.12945	1146	0	0
2021.12.06	16:30:00	1.12945	1.12945	1.12833	1.12910	1331	0	0
2021.12.06	17:00:00	1.12910	1.12910	1.12836	1.12888	1177	0	0
2021.12.06	17:30:00	1.12889	1.12890	1.12667	1.12723	1211	0	0
2021.12.06	18:00:00	1.12719	1.12796	1.12698	1.12781	1044	0	0
2021.12.06	18:30:00	1.12783	1.12882	1.12763	1.12818	939	0	0
2021.12.06	19:00:00	1.12819	1.12840	1.12762	1.12789	585	0	0
2021.12.06	19:30:00	1.12786	1.12828	1.12771	1.12789	633	0	0
2021.12.06	20:00:00	1.12792	1.12803	1.12726	1.12794	659	0	0
2021.12.06	20:30:00	1.12794	1.12830	1.12764	1.12830	547	0	0
2021.12.06	21:00:00	1.12829	1.12839	1.12806	1.12814	558	0	0
2021.12.06	21:30:00	1.12814	1.12831	1.12785	1.12789	520	0	0
2021.12.06	22:00:00	1.12785	1.12815	1.12779	1.12810	603	0	0
2021.12.06	22:30:00	1.12809	1.12853	1.12801	1.12829	512	0	0
2021.12.06	23:00:00	1.12827	1.12841	1.12816	1.12824	289	0	0
2021.12.06	23:30:00	1.12825	1.12858	1.12811	1.12849	305	0	0
2021.12.07	00:00:00	1.12849	1.12849	1.12806	1.12810	40	0	37
2021.12.07	00:30:00	1.12818	1.12844	1.12813	1.12828	137	0	8
2021.12.07	01:00:00	1.12828	1.12853	1.12826	1.12852	367	0	0
2021.12.07	01:30:00	1.12853	1.12868	1.12822	1.12833	233	0	0
2021.12.07	02:00:00	1.12833	1.12846	1.12809	1.12819	348	0	0
2021.12.07	02:30:00	1.12819	1.12833	1.12791	1.12800	277	0	0
2021.12.07	03:00:00	1.12800	1.12816	1.12759	1.12810	498	0	0
2021.12.07	03:30:00	1.12810	1.12825	1.12798	1.12820	446	0	0
2021.12.07	04:00:00	1.12822	1.12856	1.12810	1.12854	420	0	0
2021.12.07	04:30:00	1.12854	1.12928	1.12854	1.12917	532	0	0
2021.12.07	05:00:00	1.12915	1.12920	1.12901	1.12902	331	0	0
2021.12.07	05:30:00	1.12899	1.12921	1.12893	1.12907	423	0	0
2021.12.07	06:00:00	1.12909	1.12930	1.12877	1.12888	345	0	0
2021.12.07	06:30:00	1.12888	1.12895	1.12865	1.12881	329	0	0
2021.12.07	07:00:00	1.12880	1.12898	1.12871	1.12896	383	0	0
2021.12.07	07:30:00	1.12896	1.12909	1.12874	1.12874	414	0	0
2021.12.07	08:00:00	1.12872	1.12959	1.12871	1.12948	519	0	0
2021.12.07	08:30:00	1.12949	1.12965	1.12929	1.12941	442	0	0
2021.12.07	09:00:00	1.12940	1.12947	1.12889	1.12927	738	0	0
2021.12.07	09:30:00	1.12923	1.12982	1.12871	1.12888	767	0	0
2021.12.07	10:00:00	1.12889	1.12927	1.12818	1.12927	946	0	0
2021.12.07	10:30:00	1.12927	1.12948	1.12743	1.12751	888	0	0
2021.12.07	11:00:00	1.12752	1.12752	1.12534	1.12626	1064	0	0
2021.12.07	11:30:00	1.12626	1.12783	1.12604	1.12744	871	0	0
2021.12.07	12:00:00	1.12744	1.12776	1.12692	1.12698	810	0	0
2021.12.07	12:30:00	1.12698	1.12702	1.12571	1.12608	758	0	0
2021.12.07	13:00:00	1.12607	1.12671	1.12594	1.12637	766	0	0
2021.12.07	13:30:00	1.12637	1.12649	1.12550	1.12577	786	0	0
2021.12.07	14:00:00	1.12577	1.12591	1.12510	1.12524	919	0	0
2021.12.07	14:30:00	1.12525	1.12599	1.12513	1.12524	934	0	0
2021.12.07	15:00:00	1.12526	1.12595	1.12355	1.12382	1087	0	0
2021.12.07	15:30:00	1.12385	1.12403	1.12274	1.12400	1181	0	0
2021.12.07	16:00:00	1.12402	1.12452	1.12365	1.12368	993	0	0
2021.12.07	16:30:00	1.12369	1.12482	1.12353	1.12456	1099	0	0
2021.12.07	17:00:00	1.12456	1.12538	1.12405	1.12530	1140	0	0
2021.12.07	17:30:00	1.12527	1.12546	1.12410	1.12460	1205	0	0
2021.12.07	18:00:00	1.12455	1.12506	1.12367	1.12415	986	0	0
2021.12.07	18:30:00	1.12415	1.12501	1.12408	1.12472	838	0	0
2021.12.07	19:00:00	1.12472	1.12517	1.12445	1.12470	653	0	0
2021.12.07	19:30:00	1.12470	1.12483	1.12414	1.12438	501	0	0
2021.12.07	20:00:00	1.12438	1.12502	1.12415	1.12497	561	0	0
2021.12.07	20:30:00	1.12496	1.12542	1.12489	1.12526	399	0	0
2021.12.07	21:00:00	1.12527	1.12594	1.12507	1.12590	560	0	0
2021.12.07	21:30:00	1.12590	1.12613	1.12560	1.12613	513	0	0
2021.12.07	22:00:00	1.12609	1.12650	1.12590	1.12629	608	0	0
2021.12.07	22:30:00	1.12629	1.12676	1.12609	1.12674	650	0	0
2021.12.07	23:00:00	1.12675	1.12712	1.12652	1.12701	348	0	0
2021.12.07	23:30:00	1.12701	1.12738	1.12677	1.12683	283	0	0
2021.12.08	00:00:00	1.12683	1.12685	1.12609	1.12685	80	0	32
2021.12.08	00:30:00	1.12685	1.12691	1.12677	1.12679	108	0	11
2021.12.08	01:00:00	1.12687	1.12725	1.12685	1.12714	280	0	0
2021.12.08	01:30:00	1.12714	1.12736	1.12709	1.12725	307	0	0
2021.12.08	02:00:00	1.12730	1.12764	1.12726	1.12761	302	0	0
2021.12.08	02:30:00	1.12762	1.12776	1.12730	1.12737	304	0	0
2021.12.08	03:00:00	1.12742	1.12782	1.12728	1.12776	412	0	0
2021.12.08	03:30:00	1.12776	1.12814	1.12765	1.12788	459	0	0
2021.12.08	04:00:00	1.12791	1.12867	1.12791	1.12859	480	0	0
2021.12.08	04:30:00	1.12860	1.12913	1.12850	1.12908	474	0	0
2021.12.08	05:00:00	1.12909	1.12936	1.12905	1.12916	383	0	0
2021.12.08	05:30:00	1.12916	1.12921	1.12885	1.12917	298	0	0
2021.12.08	06:00:00	1.12916	1.12920	1.12905	1.12920	233	0	0
2021.12.08	06:30:00	1.12918	1.12921	1.12900	1.12906	344	0	0
2021.12.08	07:00:00	1.12906	1.12927	1.12887	1.12922	308	0	0
2021.12.08	07:30:00	1.12921	1.12955	1.12920	1.12936	352	0	0
2021.12.08	08:00:00	1.12936	1.12955	1.12903	1.12912	420	0	0
2021.12.08	08:30:00	1.12913	1.12917	1.12873	1.12887	441	0	0
2021.12.08	09:00:00	1.12888	1.12931	1.12858	1.12875	677	0	0
2021.12.08	09:30:00	1.12875	1.12937	1.12837	1.12860	765	0	0
2021.12.08	10:00:00	1.12860	1.12936	1.12812	1.12846	948	0	0
2021.12.08	10:30:00	1.12846	1.12874	1.12785	1.12833	917	0	0
2021.12.08	11:00:00	1.12833	1.12862	1.12818	1.12846	895	0	0
2021.12.08	11:30:00	1.12846	1.12875	1.12819	1.12850	828	0	0
2021.12.08	12:00:00	1.12848	1.12868	1.12727	1.12863	920	0	0
2021.12.08	12:30:00	1.12863	1.13002	1.12841	1.12922	1038	0	0
2021.12.08	13:00:00	1.12923	1.12943	1.12850	1.12876	921	0	0
2021.12.08	13:30:00	1.12875	1.12879	1.12684	1.12767	1298	0	0
2021.12.08	14:00:00	1.12764	1.12803	1.12669	1.12781	1321	0	0
2021.12.08	14:30:00	1.12780	1.13022	1.12776	1.12910	1275	0	0
2021.12.08	15:00:00	1.12910	1.13082	1.12879	1.13028	1282	0	0
2021.12.08	15:30:00	1.13027	1.13175	1.12975	1.13161	1156	0	0
2021.12.08	16:00:00	1.13163	1.13165	1.13033	1.13064	1041	0	0
2021.12.08	16:30:00	1.13065	1.13096	1.13003	1.13038	1203	0	0
2021.12.08	17:00:00	1.13037	1.13269	1.13032	1.13268	1285	0	0
2021.12.08	17:30:00	1.13263	1.13343	1.13197	1.13328	1319	0	0
2021.12.08	18:00:00	1.13326	1.13390	1.13303	1.13319	944	0	0
2021.12.08	18:30:00	1.13316	1.13335	1.13253	1.13283	794	0	0
2021.12.08	19:00:00	1.13284	1.13490	1.13284	1.13462	777	0	0
2021.12.08	19:30:00	1.13460	1.13496	1.13444	1.13485	565	0	0
2021.12.08	20:00:00	1.13483	1.13494	1.13445	1.13452	677	0	0
2021.12.08	20:30:00	1.13452	1.13472	1.13444	1.13456	452	0	0
2021.12.08	21:00:00	1.13458	1.13501	1.13453	1.13468	514	0	0
2021.12.08	21:30:00	1.13467	1.13508	1.13460	1.13493	476	0	0
2021.12.08	22:00:00	1.13493	1.13548	1.13469	1.13547	410	0	0
2021.12.08	22:30:00	1.13547	1.13547	1.13484	1.13487	515	0	0
2021.12.08	23:00:00	1.13486	1.13498	1.13439	1.13449	520	0	0
2021.12.08	23:30:00	1.13451	1.13460	1.13413	1.13413	382	0	0
2021.12.09	00:00:00	1.13413	1.13434	1.13402	1.13434	97	0	7
2021.12.09	00:30:00	1.13434	1.13437	1.13401	1.13413	544	0	2
2021.12.09	01:00:00	1.13413	1.13441	1.13401	1.13414	287	0	0
2021.12.09	01:30:00	1.13415	1.13453	1.13411	1.13439	223	0	0
2021.12.09	02:00:00	1.13440	1.13443	1.13411	1.13432	350	0	0
2021.12.09	02:30:00	1.13433	1.13435	1.13364	1.13397	324	0	0
2021.12.09	03:00:00	1.13396	1.13396	1.13335	1.13338	459	0	0
2021.12.09	03:30:00	1.13339	1.13374	1.13328	1.13343	372	0	0
2021.12.09	04:00:00	1.13345	1.13364	1.13325	1.13349	350	0	0
2021.12.09	04:30:00	1.13350	1.13364	1.13326	1.13336	336	0	0
2021.12.09	05:00:00	1.13337	1.13349	1.13294	1.13302	275	0	0
2021.12.09	05:30:00	1.13302	1.13349	1.13297	1.13346	291	0	0
2021.12.09	06:00:00	1.13346	1.13360	1.13321	1.13349	294	0	0
2021.12.09	06:30:00	1.13349	1.13370	1.13343	1.13360	289	0	0
2021.12.09	07:00:00	1.13356	1.13357	1.13316	1.13320	240	0	0
2021.12.09	07:30:00	1.13320	1.13338	1.13267	1.13268	382	0	0
2021.12.09	08:00:00	1.13268	1.13338	1.13267	1.13325	396	0	0
2021.12.09	08:30:00	1.13325	1.13340	1.13268	1.13279	301	0	0
2021.12.09	09:00:00	1.13282	1.13309	1.13223	1.13277	880	0	0
2021.12.09	09:30:00	1.13276	1.13277	1.13170	1.13203	701	0	0
2021.12.09	10:00:00	1.13211	1.13269	1.13177	1.13179	904	0	0
2021.12.09	10:30:00	1.13179	1.13240	1.13168	1.13224	868	0	0
2021.12.09	11:00:00	1.13223	1.13239	1.13159	1.13159	778	0	0
2021.12.09	11:30:00	1.13159	1.13220	1.13154	1.13189	632	0	0
2021.12.09	12:00:00	1.13192	1.13236	1.13178	1.13190	638	0	0
2021.12.09	12:30:00	1.13188	1.13188	1.13107	1.13140	841	0	0
2021.12.09	13:00:00	1.13138	1.13200	1.13134	1.13158	893	0	0
2021.12.09	13:30:00	1.13156	1.13229	1.13126	1.13167	864	0	0
2021.12.09	14:00:00	1.13167	1.13167	1.13087	1.13108	800	0	0
2021.12.09	14:30:00	1.13108	1.13150	1.13069	1.13098	810	0	0
2021.12.09	15:00:00	1.13093	1.13208	1.13086	1.13180	1008	0	0
2021.12.09	15:30:00	1.13177	1.13200	1.13092	1.13165	1097	0	0
2021.12.09	16:00:00	1.13165	1.13192	1.13084	1.13107	897	0	0
2021.12.09	16:30:00	1.13105	1.13149	1.13001	1.13022	1154	0	0
2021.12.09	17:00:00	1.13026	1.13044	1.12886	1.12897	1158	0	0
2021.12.09	17:30:00	1.12898	1.12923	1.12788	1.12842	1179	0	0
2021.12.09	18:00:00	1.12839	1.12932	1.12785	1.12803	1031	0	0
2021.12.09	18:30:00	1.12807	1.12864	1.12793	1.12854	790	0	0
2021.12.09	19:00:00	1.12854	1.12916	1.12843	1.12903	596	0	0
2021.12.09	19:30:00	1.12902	1.12945	1.12886	1.12898	533	0	0
2021.12.09	20:00:00	1.12896	1.12909	1.12823	1.12887	976	0	0
2021.12.09	20:30:00	1.12887	1.12941	1.12868	1.12936	579	0	0
2021.12.09	21:00:00	1.12935	1.12941	1.12898	1.12902	549	0	0
2021.12.09	21:30:00	1.12902	1.12923	1.12872	1.12872	475	0	0
2021.12.09	22:00:00	1.12872	1.12935	1.12872	1.12917	500	0	0
2021.12.09	22:30:00	1.12919	1.12957	1.12911	1.12945	507	0	0
2021.12.09	23:00:00	1.12941	1.12943	1.12891	1.12906	327	0	0
2021.12.09	23:30:00	1.12906	1.12940	1.12901	1.12922	276	0	0
